-- phpMyAdmin SQL Dump
-- version 4.4.12
-- http://www.phpmyadmin.net
--
-- Host: 127.0.0.1
-- Generation Time: Oct 23, 2015 at 04:38 PM
-- Server version: 5.6.25
-- PHP Version: 5.6.11

SET SQL_MODE = "NO_AUTO_VALUE_ON_ZERO";
SET time_zone = "+00:00";

DROP DATABASE if EXISTS perfectpc;
CREATE DATABASE perfectpc;
USE perfectpc;

/*!40101 SET @OLD_CHARACTER_SET_CLIENT=@@CHARACTER_SET_CLIENT */;
/*!40101 SET @OLD_CHARACTER_SET_RESULTS=@@CHARACTER_SET_RESULTS */;
/*!40101 SET @OLD_COLLATION_CONNECTION=@@COLLATION_CONNECTION */;
/*!40101 SET NAMES utf8mb4 */;

--
-- Database: `perfectpc`
--

-- --------------------------------------------------------

--
-- Table structure for table `builds`
--

CREATE TABLE IF NOT EXISTS `builds` (
  `buildId` varchar(255) NOT NULL,
  `budget` varchar(255) NOT NULL,
  `purpose` varchar(255) NOT NULL,
  `game` varchar(255) NOT NULL,
  `storage` varchar(255) NOT NULL,
  `mem` varchar(255) NOT NULL,
  `caseColor` varchar(255) NOT NULL,
  `caseId` varchar(255) NOT NULL,
  `mboardId` varchar(255) NOT NULL,
  `cpuId` varchar(255) NOT NULL,
  `ramId` varchar(255) NOT NULL,
  `hdriveId` varchar(255) NOT NULL,
  `gpuId` varchar(255) NOT NULL,
  `powersupId` varchar(255) NOT NULL
) ENGINE=InnoDB DEFAULT CHARSET=latin1;


INSERT INTO `builds` (`buildId`, `budget`, `purpose`, `game`, `storage`, `mem`, `caseColor`, `caseId`, `mboardId`, `cpuId`, `ramId`, `hdriveId`, `gpuId`, `powersupId`) VALUES
('build00', 'b1', 'game', 'g1', 'h1', 'm1', 'c1', 'case06', '3mb06I', '1cpuI08', '1ram106', '1hdd04', '1gpuPG06', '9ps07'),
('build01', 'b1', 'game', 'g1', 'h1', 'm1', 'c2', 'case07', '3mb06I', '1cpuI08', '1ram106', '1hdd04', '1gpuPG06', '9ps07'),
('build02', 'b1', 'game', 'g1', 'h1', 'm1', 'c3', 'case09', '3mb06I', '1cpuI08', '1ram106', '1hdd04', '1gpuPG06', '9ps07'),
('build03', 'b1', 'game', 'g1', 'h1', 'm1', 'c4', 'case08', '3mb06I', '1cpuI08', '1ram106', '1hdd04', '1gpuPG06', '9ps07'),
('build04', 'b1', 'game', 'g1', 'h1', 'm1', 'c5', 'case03', '3mb06I', '1cpuI08', '1ram106', '1hdd04', '1gpuPG06', '9ps07'),
('build05', 'b1', 'game', 'g1', 'h1', 'm1', 'c6', 'case04', '3mb06I', '1cpuI08', '1ram106', '1hdd04', '1gpuPG06', '9ps07'),
('build06', 'b1', 'game', 'g1', 'h1', 'm2', 'c1', 'case06', '3mb06I', '1cpuI08', '4ram200', '1hdd04', '1gpuPG06', '9ps07'),
('build07', 'b1', 'game', 'g1', 'h1', 'm2', 'c2', 'case07', '3mb06I', '1cpuI08', '4ram200', '1hdd04', '1gpuPG06', '9ps07'),
('build08', 'b1', 'game', 'g1', 'h1', 'm2', 'c3', 'case09', '3mb06I', '1cpuI08', '4ram200', '1hdd04', '1gpuPG06', '9ps07'),
('build09', 'b1', 'game', 'g1', 'h1', 'm2', 'c4', 'case08', '3mb06I', '1cpuI08', '4ram200', '1hdd04', '1gpuPG06', '9ps07'),
('build10', 'b1', 'game', 'g1', 'h1', 'm2', 'c5', 'case03', '3mb06I', '1cpuI08', '4ram200', '1hdd04', '1gpuPG06', '9ps07'),
('build11', 'b1', 'game', 'g1', 'h1', 'm2', 'c6', 'case04', '3mb06I', '1cpuI08', '4ram200', '1hdd04', '1gpuPG06', '9ps07'),
('build12', 'b1', 'game', 'g1', 'h1', 'm3', 'c1', 'case06', '3mb06I', '1cpuI08', '4ram301', '1hdd04', '1gpuPG06', '9ps07'),
('build13', 'b1', 'game', 'g1', 'h1', 'm3', 'c2', 'case07', '3mb06I', '1cpuI08', '4ram301', '1hdd04', '1gpuPG06', '9ps07'),
('build14', 'b1', 'game', 'g1', 'h1', 'm3', 'c3', 'case09', '3mb06I', '1cpuI08', '4ram301', '1hdd04', '1gpuPG06', '9ps07'),
('build15', 'b1', 'game', 'g1', 'h1', 'm3', 'c4', 'case08', '3mb06I', '1cpuI08', '4ram301', '1hdd04', '1gpuPG06', '9ps07'),
('build16', 'b1', 'game', 'g1', 'h1', 'm3', 'c5', 'case03', '3mb06I', '1cpuI08', '4ram301', '1hdd04', '1gpuPG06', '9ps07'),
('build17', 'b1', 'game', 'g1', 'h1', 'm3', 'c6', 'case04', '3mb06I', '1cpuI08', '4ram301', '1hdd04', '1gpuPG06', '9ps07'),
('build18', 'b1', 'game', 'g1', 'h1', 'm4', 'c1', 'case06', '3mb06I', '1cpuI08', '8ram403', '1hdd04', '1gpuPG06', '9ps07'),
('build19', 'b1', 'game', 'g1', 'h1', 'm4', 'c2', 'case07', '3mb06I', '1cpuI08', '8ram403', '1hdd04', '1gpuPG06', '9ps07'),
('build20', 'b1', 'game', 'g1', 'h1', 'm4', 'c3', 'case09', '3mb06I', '1cpuI08', '8ram403', '1hdd04', '1gpuPG06', '9ps07'),
('build21', 'b1', 'game', 'g1', 'h1', 'm4', 'c4', 'case08', '3mb06I', '1cpuI08', '8ram403', '1hdd04', '1gpuPG06', '9ps07'),
('build22', 'b1', 'game', 'g1', 'h1', 'm4', 'c5', 'case03', '3mb06I', '1cpuI08', '8ram403', '1hdd04', '1gpuPG06', '9ps07'),
('build23', 'b1', 'game', 'g1', 'h1', 'm4', 'c6', 'case04', '3mb06I', '1cpuI08', '8ram403', '1hdd04', '1gpuPG06', '9ps07'),
('build24', 'b1', 'game', 'g1', 'h1', 'm5', 'c1', 'case06', '3mb06I', '1cpuI08', '8ram403', '1hdd04', '1gpuPG06', '9ps07'),
('build25', 'b1', 'game', 'g1', 'h1', 'm5', 'c2', 'case07', '3mb06I', '1cpuI08', '8ram403', '1hdd04', '1gpuPG06', '9ps07'),
('build26', 'b1', 'game', 'g1', 'h1', 'm5', 'c3', 'case09', '3mb06I', '1cpuI08', '8ram403', '1hdd04', '1gpuPG06', '9ps07'),
('build27', 'b1', 'game', 'g1', 'h1', 'm5', 'c4', 'case08', '3mb06I', '1cpuI08', '8ram403', '1hdd04', '1gpuPG06', '9ps07'),
('build28', 'b1', 'game', 'g1', 'h1', 'm5', 'c5', 'case03', '3mb06I', '1cpuI08', '8ram403', '1hdd04', '1gpuPG06', '9ps07'),
('build29', 'b1', 'game', 'g1', 'h1', 'm5', 'c6', 'case04', '3mb06I', '1cpuI08', '8ram403', '1hdd04', '1gpuPG06', '9ps07'),
('build30', 'b1', 'game', 'g1', 'h1', 'm6', 'c1', 'case06', '3mb06I', '1cpuI08', '16ram304', '1hdd04', '1gpuPG06', '9ps07'),
('build31', 'b1', 'game', 'g1', 'h1', 'm6', 'c2', 'case07', '3mb06I', '1cpuI08', '16ram304', '1hdd04', '1gpuPG06', '9ps07'),
('build32', 'b1', 'game', 'g1', 'h1', 'm6', 'c3', 'case09', '3mb06I', '1cpuI08', '16ram304', '1hdd04', '1gpuPG06', '9ps07'),
('build33', 'b1', 'game', 'g1', 'h1', 'm6', 'c4', 'case08', '3mb06I', '1cpuI08', '16ram304', '1hdd04', '1gpuPG06', '9ps07'),
('build34', 'b1', 'game', 'g1', 'h1', 'm6', 'c5', 'case03', '3mb06I', '1cpuI08', '16ram304', '1hdd04', '1gpuPG06', '9ps07'),
('build35', 'b1', 'game', 'g1', 'h1', 'm6', 'c6', 'case04', '3mb06I', '1cpuI08', '16ram304', '1hdd04', '1gpuPG06', '9ps07'),
('build36', 'b1', 'game', 'g1', 'h2', 'm1', 'c1', 'case06', '3mb06I', '1cpuI08', '1ram106', '1hdd05', '1gpuPG06', '9ps07'),
('build37', 'b1', 'game', 'g1', 'h2', 'm1', 'c2', 'case07', '3mb06I', '1cpuI08', '1ram106', '1hdd05', '1gpuPG06', '9ps07'),
('build38', 'b1', 'game', 'g1', 'h2', 'm1', 'c3', 'case09', '3mb06I', '1cpuI08', '1ram106', '1hdd05', '1gpuPG06', '9ps07'),
('build39', 'b1', 'game', 'g1', 'h2', 'm1', 'c4', 'case08', '3mb06I', '1cpuI08', '1ram106', '1hdd05', '1gpuPG06', '9ps07'),
('build40', 'b1', 'game', 'g1', 'h2', 'm1', 'c5', 'case03', '3mb06I', '1cpuI08', '1ram106', '1hdd05', '1gpuPG06', '9ps07'),
('build41', 'b1', 'game', 'g1', 'h2', 'm1', 'c6', 'case04', '3mb06I', '1cpuI08', '1ram106', '1hdd05', '1gpuPG06', '9ps07'),
('build42', 'b1', 'game', 'g1', 'h2', 'm2', 'c1', 'case06', '3mb06I', '1cpuI08', '4ram200', '1hdd05', '1gpuPG06', '9ps07'),
('build43', 'b1', 'game', 'g1', 'h2', 'm2', 'c2', 'case07', '3mb06I', '1cpuI08', '4ram200', '1hdd05', '1gpuPG06', '9ps07'),
('build44', 'b1', 'game', 'g1', 'h2', 'm2', 'c3', 'case09', '3mb06I', '1cpuI08', '4ram200', '1hdd05', '1gpuPG06', '9ps07'),
('build45', 'b1', 'game', 'g1', 'h2', 'm2', 'c4', 'case08', '3mb06I', '1cpuI08', '4ram200', '1hdd05', '1gpuPG06', '9ps07'),
('build46', 'b1', 'game', 'g1', 'h2', 'm2', 'c5', 'case03', '3mb06I', '1cpuI08', '4ram200', '1hdd05', '1gpuPG06', '9ps07'),
('build47', 'b1', 'game', 'g1', 'h2', 'm2', 'c6', 'case04', '3mb06I', '1cpuI08', '4ram200', '1hdd05', '1gpuPG06', '9ps07'),
('build48', 'b1', 'game', 'g1', 'h2', 'm3', 'c1', 'case06', '3mb06I', '1cpuI08', '4ram301', '1hdd05', '1gpuPG06', '9ps07'),
('build49', 'b1', 'game', 'g1', 'h2', 'm3', 'c2', 'case07', '3mb06I', '1cpuI08', '4ram301', '1hdd05', '1gpuPG06', '9ps07'),
('build50', 'b1', 'game', 'g1', 'h2', 'm3', 'c3', 'case09', '3mb06I', '1cpuI08', '4ram301', '1hdd05', '1gpuPG06', '9ps07'),
('build51', 'b1', 'game', 'g1', 'h2', 'm3', 'c4', 'case08', '3mb06I', '1cpuI08', '4ram301', '1hdd05', '1gpuPG06', '9ps07'),
('build52', 'b1', 'game', 'g1', 'h2', 'm3', 'c5', 'case03', '3mb06I', '1cpuI08', '4ram301', '1hdd05', '1gpuPG06', '9ps07'),
('build53', 'b1', 'game', 'g1', 'h2', 'm3', 'c6', 'case04', '3mb06I', '1cpuI08', '4ram301', '1hdd05', '1gpuPG06', '9ps07'),
('build54', 'b1', 'game', 'g1', 'h2', 'm4', 'c1', 'case06', '3mb06I', '1cpuI08', '8ram403', '1hdd05', '1gpuPG06', '9ps07'),
('build55', 'b1', 'game', 'g1', 'h2', 'm4', 'c2', 'case07', '3mb06I', '1cpuI08', '8ram403', '1hdd05', '1gpuPG06', '9ps07'),
('build56', 'b1', 'game', 'g1', 'h2', 'm4', 'c3', 'case09', '3mb06I', '1cpuI08', '8ram403', '1hdd05', '1gpuPG06', '9ps07'),
('build57', 'b1', 'game', 'g1', 'h2', 'm4', 'c4', 'case08', '3mb06I', '1cpuI08', '8ram403', '1hdd05', '1gpuPG06', '9ps07'),
('build58', 'b1', 'game', 'g1', 'h2', 'm4', 'c5', 'case03', '3mb06I', '1cpuI08', '8ram403', '1hdd05', '1gpuPG06', '9ps07'),
('build59', 'b1', 'game', 'g1', 'h2', 'm4', 'c6', 'case04', '3mb06I', '1cpuI08', '8ram403', '1hdd05', '1gpuPG06', '9ps07'),
('build60', 'b1', 'game', 'g1', 'h2', 'm5', 'c1', 'case06', '3mb06I', '1cpuI08', '8ram403', '1hdd05', '1gpuPG06', '9ps07'),
('build61', 'b1', 'game', 'g1', 'h2', 'm5', 'c2', 'case07', '3mb06I', '1cpuI08', '8ram403', '1hdd05', '1gpuPG06', '9ps07'),
('build62', 'b1', 'game', 'g1', 'h2', 'm5', 'c3', 'case09', '3mb06I', '1cpuI08', '8ram403', '1hdd05', '1gpuPG06', '9ps07'),
('build63', 'b1', 'game', 'g1', 'h2', 'm5', 'c4', 'case08', '3mb06I', '1cpuI08', '8ram403', '1hdd05', '1gpuPG06', '9ps07'),
('build64', 'b1', 'game', 'g1', 'h2', 'm5', 'c5', 'case03', '3mb06I', '1cpuI08', '8ram403', '1hdd05', '1gpuPG06', '9ps07'),
('build65', 'b1', 'game', 'g1', 'h2', 'm5', 'c6', 'case04', '3mb06I', '1cpuI08', '8ram403', '1hdd05', '1gpuPG06', '9ps07'),
('build66', 'b1', 'game', 'g1', 'h2', 'm6', 'c1', 'case06', '3mb06I', '1cpuI08', '16ram304', '1hdd05', '1gpuPG06', '9ps07'),
('build67', 'b1', 'game', 'g1', 'h2', 'm6', 'c2', 'case07', '3mb06I', '1cpuI08', '16ram304', '1hdd05', '1gpuPG06', '9ps07'),
('build68', 'b1', 'game', 'g1', 'h2', 'm6', 'c3', 'case09', '3mb06I', '1cpuI08', '16ram304', '1hdd05', '1gpuPG06', '9ps07'),
('build69', 'b1', 'game', 'g1', 'h2', 'm6', 'c4', 'case08', '3mb06I', '1cpuI08', '16ram304', '1hdd05', '1gpuPG06', '9ps07'),
('build70', 'b1', 'game', 'g1', 'h2', 'm6', 'c5', 'case03', '3mb06I', '1cpuI08', '16ram304', '1hdd05', '1gpuPG06', '9ps07'),
('build71', 'b1', 'game', 'g1', 'h2', 'm6', 'c6', 'case04', '3mb06I', '1cpuI08', '16ram304', '1hdd05', '1gpuPG06', '9ps07'),
('build72', 'b1', 'game', 'g1', 'h3', 'm1', 'c1', 'case06', '3mb06I', '1cpuI08', '1ram106', '3hdd01', '1gpuPG06', '9ps07'),
('build73', 'b1', 'game', 'g1', 'h3', 'm1', 'c2', 'case07', '3mb06I', '1cpuI08', '1ram106', '3hdd01', '1gpuPG06', '9ps07'),
('build74', 'b1', 'game', 'g1', 'h3', 'm1', 'c3', 'case09', '3mb06I', '1cpuI08', '1ram106', '3hdd01', '1gpuPG06', '9ps07'),
('build75', 'b1', 'game', 'g1', 'h3', 'm1', 'c4', 'case08', '3mb06I', '1cpuI08', '1ram106', '3hdd01', '1gpuPG06', '9ps07'),
('build76', 'b1', 'game', 'g1', 'h3', 'm1', 'c5', 'case03', '3mb06I', '1cpuI08', '1ram106', '3hdd01', '1gpuPG06', '9ps07'),
('build77', 'b1', 'game', 'g1', 'h3', 'm1', 'c6', 'case04', '3mb06I', '1cpuI08', '1ram106', '3hdd01', '1gpuPG06', '9ps07'),
('build78', 'b1', 'game', 'g1', 'h3', 'm2', 'c1', 'case06', '3mb06I', '1cpuI08', '4ram200', '3hdd01', '1gpuPG06', '9ps07'),
('build79', 'b1', 'game', 'g1', 'h3', 'm2', 'c2', 'case07', '3mb06I', '1cpuI08', '4ram200', '3hdd01', '1gpuPG06', '9ps07'),
('build80', 'b1', 'game', 'g1', 'h3', 'm2', 'c3', 'case09', '3mb06I', '1cpuI08', '4ram200', '3hdd01', '1gpuPG06', '9ps07'),
('build81', 'b1', 'game', 'g1', 'h3', 'm2', 'c4', 'case08', '3mb06I', '1cpuI08', '4ram200', '3hdd01', '1gpuPG06', '9ps07'),
('build82', 'b1', 'game', 'g1', 'h3', 'm2', 'c5', 'case03', '3mb06I', '1cpuI08', '4ram200', '3hdd01', '1gpuPG06', '9ps07'),
('build83', 'b1', 'game', 'g1', 'h3', 'm2', 'c6', 'case04', '3mb06I', '1cpuI08', '4ram200', '3hdd01', '1gpuPG06', '9ps07'),
('build84', 'b1', 'game', 'g1', 'h3', 'm3', 'c1', 'case06', '3mb06I', '1cpuI08', '4ram301', '3hdd01', '1gpuPG06', '9ps07'),
('build85', 'b1', 'game', 'g1', 'h3', 'm3', 'c2', 'case07', '3mb06I', '1cpuI08', '4ram301', '3hdd01', '1gpuPG06', '9ps07'),
('build86', 'b1', 'game', 'g1', 'h3', 'm3', 'c3', 'case09', '3mb06I', '1cpuI08', '4ram301', '3hdd01', '1gpuPG06', '9ps07'),
('build87', 'b1', 'game', 'g1', 'h3', 'm3', 'c4', 'case08', '3mb06I', '1cpuI08', '4ram301', '3hdd01', '1gpuPG06', '9ps07'),
('build88', 'b1', 'game', 'g1', 'h3', 'm3', 'c5', 'case03', '3mb06I', '1cpuI08', '4ram301', '3hdd01', '1gpuPG06', '9ps07'),
('build89', 'b1', 'game', 'g1', 'h3', 'm3', 'c6', 'case04', '3mb06I', '1cpuI08', '4ram301', '3hdd01', '1gpuPG06', '9ps07'),
('build90', 'b1', 'game', 'g1', 'h3', 'm4', 'c1', 'case06', '3mb06I', '1cpuI08', '8ram403', '3hdd01', '1gpuPG06', '9ps07'),
('build91', 'b1', 'game', 'g1', 'h3', 'm4', 'c2', 'case07', '3mb06I', '1cpuI08', '8ram403', '3hdd01', '1gpuPG06', '9ps07'),
('build92', 'b1', 'game', 'g1', 'h3', 'm4', 'c3', 'case09', '3mb06I', '1cpuI08', '8ram403', '3hdd01', '1gpuPG06', '9ps07'),
('build93', 'b1', 'game', 'g1', 'h3', 'm4', 'c4', 'case08', '3mb06I', '1cpuI08', '8ram403', '3hdd01', '1gpuPG06', '9ps07'),
('build94', 'b1', 'game', 'g1', 'h3', 'm4', 'c5', 'case03', '3mb06I', '1cpuI08', '8ram403', '3hdd01', '1gpuPG06', '9ps07'),
('build95', 'b1', 'game', 'g1', 'h3', 'm4', 'c6', 'case04', '3mb06I', '1cpuI08', '8ram403', '3hdd01', '1gpuPG06', '9ps07'),
('build96', 'b1', 'game', 'g1', 'h3', 'm5', 'c1', 'case06', '3mb06I', '1cpuI08', '8ram403', '3hdd01', '1gpuPG06', '9ps07'),
('build97', 'b1', 'game', 'g1', 'h3', 'm5', 'c2', 'case07', '3mb06I', '1cpuI08', '8ram403', '3hdd01', '1gpuPG06', '9ps07'),
('build98', 'b1', 'game', 'g1', 'h3', 'm5', 'c3', 'case09', '3mb06I', '1cpuI08', '8ram403', '3hdd01', '1gpuPG06', '9ps07'),
('build99', 'b1', 'game', 'g1', 'h3', 'm5', 'c4', 'case08', '3mb06I', '1cpuI08', '8ram403', '3hdd01', '1gpuPG06', '9ps07'),
('build100', 'b1', 'game', 'g1', 'h3', 'm5', 'c5', 'case03', '3mb06I', '1cpuI08', '8ram403', '3hdd01', '1gpuPG06', '9ps07'),
('build101', 'b1', 'game', 'g1', 'h3', 'm5', 'c6', 'case04', '3mb06I', '1cpuI08', '8ram403', '3hdd01', '1gpuPG06', '9ps07'),
('build102', 'b1', 'game', 'g1', 'h3', 'm6', 'c1', 'case06', '3mb06I', '1cpuI08', '16ram304', '3hdd01', '1gpuPG06', '9ps07'),
('build103', 'b1', 'game', 'g1', 'h3', 'm6', 'c2', 'case07', '3mb06I', '1cpuI08', '16ram304', '3hdd01', '1gpuPG06', '9ps07'),
('build104', 'b1', 'game', 'g1', 'h3', 'm6', 'c3', 'case09', '3mb06I', '1cpuI08', '16ram304', '3hdd01', '1gpuPG06', '9ps07'),
('build105', 'b1', 'game', 'g1', 'h3', 'm6', 'c4', 'case08', '3mb06I', '1cpuI08', '16ram304', '3hdd01', '1gpuPG06', '9ps07'),
('build106', 'b1', 'game', 'g1', 'h3', 'm6', 'c5', 'case03', '3mb06I', '1cpuI08', '16ram304', '3hdd01', '1gpuPG06', '9ps07'),
('build107', 'b1', 'game', 'g1', 'h3', 'm6', 'c6', 'case04', '3mb06I', '1cpuI08', '16ram304', '3hdd01', '1gpuPG06', '9ps07'),
('build108', 'b1', 'game', 'g1', 'h4', 'm1', 'c1', 'case06', '3mb06I', '1cpuI08', '1ram106', '3hdd02', '1gpuPG06', '9ps07'),
('build109', 'b1', 'game', 'g1', 'h4', 'm1', 'c2', 'case07', '3mb06I', '1cpuI08', '1ram106', '3hdd02', '1gpuPG06', '9ps07'),
('build110', 'b1', 'game', 'g1', 'h4', 'm1', 'c3', 'case09', '3mb06I', '1cpuI08', '1ram106', '3hdd02', '1gpuPG06', '9ps07'),
('build111', 'b1', 'game', 'g1', 'h4', 'm1', 'c4', 'case08', '3mb06I', '1cpuI08', '1ram106', '3hdd02', '1gpuPG06', '9ps07'),
('build112', 'b1', 'game', 'g1', 'h4', 'm1', 'c5', 'case03', '3mb06I', '1cpuI08', '1ram106', '3hdd02', '1gpuPG06', '9ps07'),
('build113', 'b1', 'game', 'g1', 'h4', 'm1', 'c6', 'case04', '3mb06I', '1cpuI08', '1ram106', '3hdd02', '1gpuPG06', '9ps07'),
('build114', 'b1', 'game', 'g1', 'h4', 'm2', 'c1', 'case06', '3mb06I', '1cpuI08', '4ram200', '3hdd02', '1gpuPG06', '9ps07'),
('build115', 'b1', 'game', 'g1', 'h4', 'm2', 'c2', 'case07', '3mb06I', '1cpuI08', '4ram200', '3hdd02', '1gpuPG06', '9ps07'),
('build116', 'b1', 'game', 'g1', 'h4', 'm2', 'c3', 'case09', '3mb06I', '1cpuI08', '4ram200', '3hdd02', '1gpuPG06', '9ps07'),
('build117', 'b1', 'game', 'g1', 'h4', 'm2', 'c4', 'case08', '3mb06I', '1cpuI08', '4ram200', '3hdd02', '1gpuPG06', '9ps07'),
('build118', 'b1', 'game', 'g1', 'h4', 'm2', 'c5', 'case03', '3mb06I', '1cpuI08', '4ram200', '3hdd02', '1gpuPG06', '9ps07'),
('build119', 'b1', 'game', 'g1', 'h4', 'm2', 'c6', 'case04', '3mb06I', '1cpuI08', '4ram200', '3hdd02', '1gpuPG06', '9ps07'),
('build120', 'b1', 'game', 'g1', 'h4', 'm3', 'c1', 'case06', '3mb06I', '1cpuI08', '4ram301', '3hdd02', '1gpuPG06', '9ps07'),
('build121', 'b1', 'game', 'g1', 'h4', 'm3', 'c2', 'case07', '3mb06I', '1cpuI08', '4ram301', '3hdd02', '1gpuPG06', '9ps07'),
('build122', 'b1', 'game', 'g1', 'h4', 'm3', 'c3', 'case09', '3mb06I', '1cpuI08', '4ram301', '3hdd02', '1gpuPG06', '9ps07'),
('build123', 'b1', 'game', 'g1', 'h4', 'm3', 'c4', 'case08', '3mb06I', '1cpuI08', '4ram301', '3hdd02', '1gpuPG06', '9ps07'),
('build124', 'b1', 'game', 'g1', 'h4', 'm3', 'c5', 'case03', '3mb06I', '1cpuI08', '4ram301', '3hdd02', '1gpuPG06', '9ps07'),
('build125', 'b1', 'game', 'g1', 'h4', 'm3', 'c6', 'case04', '3mb06I', '1cpuI08', '4ram301', '3hdd02', '1gpuPG06', '9ps07'),
('build126', 'b1', 'game', 'g1', 'h4', 'm4', 'c1', 'case06', '3mb06I', '1cpuI08', '8ram403', '3hdd02', '1gpuPG06', '9ps07'),
('build127', 'b1', 'game', 'g1', 'h4', 'm4', 'c2', 'case07', '3mb06I', '1cpuI08', '8ram403', '3hdd02', '1gpuPG06', '9ps07'),
('build128', 'b1', 'game', 'g1', 'h4', 'm4', 'c3', 'case09', '3mb06I', '1cpuI08', '8ram403', '3hdd02', '1gpuPG06', '9ps07'),
('build129', 'b1', 'game', 'g1', 'h4', 'm4', 'c4', 'case08', '3mb06I', '1cpuI08', '8ram403', '3hdd02', '1gpuPG06', '9ps07'),
('build130', 'b1', 'game', 'g1', 'h4', 'm4', 'c5', 'case03', '3mb06I', '1cpuI08', '8ram403', '3hdd02', '1gpuPG06', '9ps07'),
('build131', 'b1', 'game', 'g1', 'h4', 'm4', 'c6', 'case04', '3mb06I', '1cpuI08', '8ram403', '3hdd02', '1gpuPG06', '9ps07'),
('build132', 'b1', 'game', 'g1', 'h4', 'm5', 'c1', 'case06', '3mb06I', '1cpuI08', '8ram403', '3hdd02', '1gpuPG06', '9ps07'),
('build133', 'b1', 'game', 'g1', 'h4', 'm5', 'c2', 'case07', '3mb06I', '1cpuI08', '8ram403', '3hdd02', '1gpuPG06', '9ps07'),
('build134', 'b1', 'game', 'g1', 'h4', 'm5', 'c3', 'case09', '3mb06I', '1cpuI08', '8ram403', '3hdd02', '1gpuPG06', '9ps07'),
('build135', 'b1', 'game', 'g1', 'h4', 'm5', 'c4', 'case08', '3mb06I', '1cpuI08', '8ram403', '3hdd02', '1gpuPG06', '9ps07'),
('build136', 'b1', 'game', 'g1', 'h4', 'm5', 'c5', 'case03', '3mb06I', '1cpuI08', '8ram403', '3hdd02', '1gpuPG06', '9ps07'),
('build137', 'b1', 'game', 'g1', 'h4', 'm5', 'c6', 'case04', '3mb06I', '1cpuI08', '8ram403', '3hdd02', '1gpuPG06', '9ps07'),
('build138', 'b1', 'game', 'g1', 'h4', 'm6', 'c1', 'case06', '3mb06I', '1cpuI08', '16ram304', '3hdd02', '1gpuPG06', '9ps07'),
('build139', 'b1', 'game', 'g1', 'h4', 'm6', 'c2', 'case07', '3mb06I', '1cpuI08', '16ram304', '3hdd02', '1gpuPG06', '9ps07'),
('build140', 'b1', 'game', 'g1', 'h4', 'm6', 'c3', 'case09', '3mb06I', '1cpuI08', '16ram304', '3hdd02', '1gpuPG06', '9ps07'),
('build141', 'b1', 'game', 'g1', 'h4', 'm6', 'c4', 'case08', '3mb06I', '1cpuI08', '16ram304', '3hdd02', '1gpuPG06', '9ps07'),
('build142', 'b1', 'game', 'g1', 'h4', 'm6', 'c5', 'case03', '3mb06I', '1cpuI08', '16ram304', '3hdd02', '1gpuPG06', '9ps07'),
('build143', 'b1', 'game', 'g1', 'h4', 'm6', 'c6', 'case04', '3mb06I', '1cpuI08', '16ram304', '3hdd02', '1gpuPG06', '9ps07'),
('build144', 'b1', 'game', 'g1', 'h5', 'm1', 'c1', 'case06', '3mb06I', '1cpuI08', '1ram106', '6hdd00', '1gpuPG06', '9ps07'),
('build145', 'b1', 'game', 'g1', 'h5', 'm1', 'c2', 'case07', '3mb06I', '1cpuI08', '1ram106', '6hdd00', '1gpuPG06', '9ps07'),
('build146', 'b1', 'game', 'g1', 'h5', 'm1', 'c3', 'case09', '3mb06I', '1cpuI08', '1ram106', '6hdd00', '1gpuPG06', '9ps07'),
('build147', 'b1', 'game', 'g1', 'h5', 'm1', 'c4', 'case08', '3mb06I', '1cpuI08', '1ram106', '6hdd00', '1gpuPG06', '9ps07'),
('build148', 'b1', 'game', 'g1', 'h5', 'm1', 'c5', 'case03', '3mb06I', '1cpuI08', '1ram106', '6hdd00', '1gpuPG06', '9ps07'),
('build149', 'b1', 'game', 'g1', 'h5', 'm1', 'c6', 'case04', '3mb06I', '1cpuI08', '1ram106', '6hdd00', '1gpuPG06', '9ps07'),
('build150', 'b1', 'game', 'g1', 'h5', 'm2', 'c1', 'case06', '3mb06I', '1cpuI08', '4ram200', '6hdd00', '1gpuPG06', '9ps07'),
('build151', 'b1', 'game', 'g1', 'h5', 'm2', 'c2', 'case07', '3mb06I', '1cpuI08', '4ram200', '6hdd00', '1gpuPG06', '9ps07'),
('build152', 'b1', 'game', 'g1', 'h5', 'm2', 'c3', 'case09', '3mb06I', '1cpuI08', '4ram200', '6hdd00', '1gpuPG06', '9ps07'),
('build153', 'b1', 'game', 'g1', 'h5', 'm2', 'c4', 'case08', '3mb06I', '1cpuI08', '4ram200', '6hdd00', '1gpuPG06', '9ps07'),
('build154', 'b1', 'game', 'g1', 'h5', 'm2', 'c5', 'case03', '3mb06I', '1cpuI08', '4ram200', '6hdd00', '1gpuPG06', '9ps07'),
('build155', 'b1', 'game', 'g1', 'h5', 'm2', 'c6', 'case04', '3mb06I', '1cpuI08', '4ram200', '6hdd00', '1gpuPG06', '9ps07'),
('build156', 'b1', 'game', 'g1', 'h5', 'm3', 'c1', 'case06', '3mb06I', '1cpuI08', '4ram301', '6hdd00', '1gpuPG06', '9ps07'),
('build157', 'b1', 'game', 'g1', 'h5', 'm3', 'c2', 'case07', '3mb06I', '1cpuI08', '4ram301', '6hdd00', '1gpuPG06', '9ps07'),
('build158', 'b1', 'game', 'g1', 'h5', 'm3', 'c3', 'case09', '3mb06I', '1cpuI08', '4ram301', '6hdd00', '1gpuPG06', '9ps07'),
('build159', 'b1', 'game', 'g1', 'h5', 'm3', 'c4', 'case08', '3mb06I', '1cpuI08', '4ram301', '6hdd00', '1gpuPG06', '9ps07'),
('build160', 'b1', 'game', 'g1', 'h5', 'm3', 'c5', 'case03', '3mb06I', '1cpuI08', '4ram301', '6hdd00', '1gpuPG06', '9ps07'),
('build161', 'b1', 'game', 'g1', 'h5', 'm3', 'c6', 'case04', '3mb06I', '1cpuI08', '4ram301', '6hdd00', '1gpuPG06', '9ps07'),
('build162', 'b1', 'game', 'g1', 'h5', 'm4', 'c1', 'case06', '3mb06I', '1cpuI08', '8ram403', '6hdd00', '1gpuPG06', '9ps07'),
('build163', 'b1', 'game', 'g1', 'h5', 'm4', 'c2', 'case07', '3mb06I', '1cpuI08', '8ram403', '6hdd00', '1gpuPG06', '9ps07'),
('build164', 'b1', 'game', 'g1', 'h5', 'm4', 'c3', 'case09', '3mb06I', '1cpuI08', '8ram403', '6hdd00', '1gpuPG06', '9ps07'),
('build165', 'b1', 'game', 'g1', 'h5', 'm4', 'c4', 'case08', '3mb06I', '1cpuI08', '8ram403', '6hdd00', '1gpuPG06', '9ps07'),
('build166', 'b1', 'game', 'g1', 'h5', 'm4', 'c5', 'case03', '3mb06I', '1cpuI08', '8ram403', '6hdd00', '1gpuPG06', '9ps07'),
('build167', 'b1', 'game', 'g1', 'h5', 'm4', 'c6', 'case04', '3mb06I', '1cpuI08', '8ram403', '6hdd00', '1gpuPG06', '9ps07'),
('build168', 'b1', 'game', 'g1', 'h5', 'm5', 'c1', 'case06', '3mb06I', '1cpuI08', '8ram403', '6hdd00', '1gpuPG06', '9ps07'),
('build169', 'b1', 'game', 'g1', 'h5', 'm5', 'c2', 'case07', '3mb06I', '1cpuI08', '8ram403', '6hdd00', '1gpuPG06', '9ps07'),
('build170', 'b1', 'game', 'g1', 'h5', 'm5', 'c3', 'case09', '3mb06I', '1cpuI08', '8ram403', '6hdd00', '1gpuPG06', '9ps07'),
('build171', 'b1', 'game', 'g1', 'h5', 'm5', 'c4', 'case08', '3mb06I', '1cpuI08', '8ram403', '6hdd00', '1gpuPG06', '9ps07'),
('build172', 'b1', 'game', 'g1', 'h5', 'm5', 'c5', 'case03', '3mb06I', '1cpuI08', '8ram403', '6hdd00', '1gpuPG06', '9ps07'),
('build173', 'b1', 'game', 'g1', 'h5', 'm5', 'c6', 'case04', '3mb06I', '1cpuI08', '8ram403', '6hdd00', '1gpuPG06', '9ps07'),
('build174', 'b1', 'game', 'g1', 'h5', 'm6', 'c1', 'case06', '3mb06I', '1cpuI08', '16ram304', '6hdd00', '1gpuPG06', '9ps07'),
('build175', 'b1', 'game', 'g1', 'h5', 'm6', 'c2', 'case07', '3mb06I', '1cpuI08', '16ram304', '6hdd00', '1gpuPG06', '9ps07'),
('build176', 'b1', 'game', 'g1', 'h5', 'm6', 'c3', 'case09', '3mb06I', '1cpuI08', '16ram304', '6hdd00', '1gpuPG06', '9ps07'),
('build177', 'b1', 'game', 'g1', 'h5', 'm6', 'c4', 'case08', '3mb06I', '1cpuI08', '16ram304', '6hdd00', '1gpuPG06', '9ps07'),
('build178', 'b1', 'game', 'g1', 'h5', 'm6', 'c5', 'case03', '3mb06I', '1cpuI08', '16ram304', '6hdd00', '1gpuPG06', '9ps07'),
('build179', 'b1', 'game', 'g1', 'h5', 'm6', 'c6', 'case04', '3mb06I', '1cpuI08', '16ram304', '6hdd00', '1gpuPG06', '9ps07'),
('build180', 'b1', 'game', 'g1', 'h6', 'm1', 'c1', 'case06', '3mb06I', '1cpuI08', '1ram106', '6hdd00', '1gpuPG06', '9ps07'),
('build181', 'b1', 'game', 'g1', 'h6', 'm1', 'c2', 'case07', '3mb06I', '1cpuI08', '1ram106', '6hdd00', '1gpuPG06', '9ps07'),
('build182', 'b1', 'game', 'g1', 'h6', 'm1', 'c3', 'case09', '3mb06I', '1cpuI08', '1ram106', '6hdd00', '1gpuPG06', '9ps07'),
('build183', 'b1', 'game', 'g1', 'h6', 'm1', 'c4', 'case08', '3mb06I', '1cpuI08', '1ram106', '6hdd00', '1gpuPG06', '9ps07'),
('build184', 'b1', 'game', 'g1', 'h6', 'm1', 'c5', 'case03', '3mb06I', '1cpuI08', '1ram106', '6hdd00', '1gpuPG06', '9ps07'),
('build185', 'b1', 'game', 'g1', 'h6', 'm1', 'c6', 'case04', '3mb06I', '1cpuI08', '1ram106', '6hdd00', '1gpuPG06', '9ps07'),
('build186', 'b1', 'game', 'g1', 'h6', 'm2', 'c1', 'case06', '3mb06I', '1cpuI08', '4ram200', '6hdd00', '1gpuPG06', '9ps07'),
('build187', 'b1', 'game', 'g1', 'h6', 'm2', 'c2', 'case07', '3mb06I', '1cpuI08', '4ram200', '6hdd00', '1gpuPG06', '9ps07'),
('build188', 'b1', 'game', 'g1', 'h6', 'm2', 'c3', 'case09', '3mb06I', '1cpuI08', '4ram200', '6hdd00', '1gpuPG06', '9ps07'),
('build189', 'b1', 'game', 'g1', 'h6', 'm2', 'c4', 'case08', '3mb06I', '1cpuI08', '4ram200', '6hdd00', '1gpuPG06', '9ps07'),
('build190', 'b1', 'game', 'g1', 'h6', 'm2', 'c5', 'case03', '3mb06I', '1cpuI08', '4ram200', '6hdd00', '1gpuPG06', '9ps07'),
('build191', 'b1', 'game', 'g1', 'h6', 'm2', 'c6', 'case04', '3mb06I', '1cpuI08', '4ram200', '6hdd00', '1gpuPG06', '9ps07'),
('build192', 'b1', 'game', 'g1', 'h6', 'm3', 'c1', 'case06', '3mb06I', '1cpuI08', '4ram301', '6hdd00', '1gpuPG06', '9ps07'),
('build193', 'b1', 'game', 'g1', 'h6', 'm3', 'c2', 'case07', '3mb06I', '1cpuI08', '4ram301', '6hdd00', '1gpuPG06', '9ps07'),
('build194', 'b1', 'game', 'g1', 'h6', 'm3', 'c3', 'case09', '3mb06I', '1cpuI08', '4ram301', '6hdd00', '1gpuPG06', '9ps07'),
('build195', 'b1', 'game', 'g1', 'h6', 'm3', 'c4', 'case08', '3mb06I', '1cpuI08', '4ram301', '6hdd00', '1gpuPG06', '9ps07'),
('build196', 'b1', 'game', 'g1', 'h6', 'm3', 'c5', 'case03', '3mb06I', '1cpuI08', '4ram301', '6hdd00', '1gpuPG06', '9ps07'),
('build197', 'b1', 'game', 'g1', 'h6', 'm3', 'c6', 'case04', '3mb06I', '1cpuI08', '4ram301', '6hdd00', '1gpuPG06', '9ps07'),
('build198', 'b1', 'game', 'g1', 'h6', 'm4', 'c1', 'case06', '3mb06I', '1cpuI08', '8ram403', '6hdd00', '1gpuPG06', '9ps07'),
('build199', 'b1', 'game', 'g1', 'h6', 'm4', 'c2', 'case07', '3mb06I', '1cpuI08', '8ram403', '6hdd00', '1gpuPG06', '9ps07'),
('build200', 'b1', 'game', 'g1', 'h6', 'm4', 'c3', 'case09', '3mb06I', '1cpuI08', '8ram403', '6hdd00', '1gpuPG06', '9ps07'),
('build201', 'b1', 'game', 'g1', 'h6', 'm4', 'c4', 'case08', '3mb06I', '1cpuI08', '8ram403', '6hdd00', '1gpuPG06', '9ps07'),
('build202', 'b1', 'game', 'g1', 'h6', 'm4', 'c5', 'case03', '3mb06I', '1cpuI08', '8ram403', '6hdd00', '1gpuPG06', '9ps07'),
('build203', 'b1', 'game', 'g1', 'h6', 'm4', 'c6', 'case04', '3mb06I', '1cpuI08', '8ram403', '6hdd00', '1gpuPG06', '9ps07'),
('build204', 'b1', 'game', 'g1', 'h6', 'm5', 'c1', 'case06', '3mb06I', '1cpuI08', '8ram403', '6hdd00', '1gpuPG06', '9ps07'),
('build205', 'b1', 'game', 'g1', 'h6', 'm5', 'c2', 'case07', '3mb06I', '1cpuI08', '8ram403', '6hdd00', '1gpuPG06', '9ps07'),
('build206', 'b1', 'game', 'g1', 'h6', 'm5', 'c3', 'case09', '3mb06I', '1cpuI08', '8ram403', '6hdd00', '1gpuPG06', '9ps07'),
('build207', 'b1', 'game', 'g1', 'h6', 'm5', 'c4', 'case08', '3mb06I', '1cpuI08', '8ram403', '6hdd00', '1gpuPG06', '9ps07'),
('build208', 'b1', 'game', 'g1', 'h6', 'm5', 'c5', 'case03', '3mb06I', '1cpuI08', '8ram403', '6hdd00', '1gpuPG06', '9ps07'),
('build209', 'b1', 'game', 'g1', 'h6', 'm5', 'c6', 'case04', '3mb06I', '1cpuI08', '8ram403', '6hdd00', '1gpuPG06', '9ps07'),
('build210', 'b1', 'game', 'g1', 'h6', 'm6', 'c1', 'case06', '3mb06I', '1cpuI08', '16ram304', '6hdd00', '1gpuPG06', '9ps07'),
('build211', 'b1', 'game', 'g1', 'h6', 'm6', 'c2', 'case07', '3mb06I', '1cpuI08', '16ram304', '6hdd00', '1gpuPG06', '9ps07'),
('build212', 'b1', 'game', 'g1', 'h6', 'm6', 'c3', 'case09', '3mb06I', '1cpuI08', '16ram304', '6hdd00', '1gpuPG06', '9ps07'),
('build213', 'b1', 'game', 'g1', 'h6', 'm6', 'c4', 'case08', '3mb06I', '1cpuI08', '16ram304', '6hdd00', '1gpuPG06', '9ps07'),
('build214', 'b1', 'game', 'g1', 'h6', 'm6', 'c5', 'case03', '3mb06I', '1cpuI08', '16ram304', '6hdd00', '1gpuPG06', '9ps07'),
('build215', 'b1', 'game', 'g1', 'h6', 'm6', 'c6', 'case04', '3mb06I', '1cpuI08', '16ram304', '6hdd00', '1gpuPG06', '9ps07'),
('build216', 'b1', 'game', 'g2', 'h1', 'm1', 'c1', 'case06', '3mb06I', '1cpuI08', '1ram106', '1hdd04', '2gpuMG07', '9ps07'),
('build217', 'b1', 'game', 'g2', 'h1', 'm1', 'c2', 'case07', '3mb06I', '1cpuI08', '1ram106', '1hdd04', '2gpuMG07', '9ps07'),
('build218', 'b1', 'game', 'g2', 'h1', 'm1', 'c3', 'case09', '3mb06I', '1cpuI08', '1ram106', '1hdd04', '2gpuMG07', '9ps07'),
('build219', 'b1', 'game', 'g2', 'h1', 'm1', 'c4', 'case08', '3mb06I', '1cpuI08', '1ram106', '1hdd04', '2gpuMG07', '9ps07'),
('build220', 'b1', 'game', 'g2', 'h1', 'm1', 'c5', 'case03', '3mb06I', '1cpuI08', '1ram106', '1hdd04', '2gpuMG07', '9ps07'),
('build221', 'b1', 'game', 'g2', 'h1', 'm1', 'c6', 'case04', '3mb06I', '1cpuI08', '1ram106', '1hdd04', '2gpuMG07', '9ps07'),
('build222', 'b1', 'game', 'g2', 'h1', 'm2', 'c1', 'case06', '3mb06I', '1cpuI08', '4ram200', '1hdd04', '2gpuMG07', '9ps07'),
('build223', 'b1', 'game', 'g2', 'h1', 'm2', 'c2', 'case07', '3mb06I', '1cpuI08', '4ram200', '1hdd04', '2gpuMG07', '9ps07'),
('build224', 'b1', 'game', 'g2', 'h1', 'm2', 'c3', 'case09', '3mb06I', '1cpuI08', '4ram200', '1hdd04', '2gpuMG07', '9ps07'),
('build225', 'b1', 'game', 'g2', 'h1', 'm2', 'c4', 'case08', '3mb06I', '1cpuI08', '4ram200', '1hdd04', '2gpuMG07', '9ps07'),
('build226', 'b1', 'game', 'g2', 'h1', 'm2', 'c5', 'case03', '3mb06I', '1cpuI08', '4ram200', '1hdd04', '2gpuMG07', '9ps07'),
('build227', 'b1', 'game', 'g2', 'h1', 'm2', 'c6', 'case04', '3mb06I', '1cpuI08', '4ram200', '1hdd04', '2gpuMG07', '9ps07'),
('build228', 'b1', 'game', 'g2', 'h1', 'm3', 'c1', 'case06', '3mb06I', '1cpuI08', '4ram301', '1hdd04', '2gpuMG07', '9ps07'),
('build229', 'b1', 'game', 'g2', 'h1', 'm3', 'c2', 'case07', '3mb06I', '1cpuI08', '4ram301', '1hdd04', '2gpuMG07', '9ps07'),
('build230', 'b1', 'game', 'g2', 'h1', 'm3', 'c3', 'case09', '3mb06I', '1cpuI08', '4ram301', '1hdd04', '2gpuMG07', '9ps07'),
('build231', 'b1', 'game', 'g2', 'h1', 'm3', 'c4', 'case08', '3mb06I', '1cpuI08', '4ram301', '1hdd04', '2gpuMG07', '9ps07'),
('build232', 'b1', 'game', 'g2', 'h1', 'm3', 'c5', 'case03', '3mb06I', '1cpuI08', '4ram301', '1hdd04', '2gpuMG07', '9ps07'),
('build233', 'b1', 'game', 'g2', 'h1', 'm3', 'c6', 'case04', '3mb06I', '1cpuI08', '4ram301', '1hdd04', '2gpuMG07', '9ps07'),
('build234', 'b1', 'game', 'g2', 'h1', 'm4', 'c1', 'case06', '3mb06I', '1cpuI08', '8ram403', '1hdd04', '2gpuMG07', '9ps07'),
('build235', 'b1', 'game', 'g2', 'h1', 'm4', 'c2', 'case07', '3mb06I', '1cpuI08', '8ram403', '1hdd04', '2gpuMG07', '9ps07'),
('build236', 'b1', 'game', 'g2', 'h1', 'm4', 'c3', 'case09', '3mb06I', '1cpuI08', '8ram403', '1hdd04', '2gpuMG07', '9ps07'),
('build237', 'b1', 'game', 'g2', 'h1', 'm4', 'c4', 'case08', '3mb06I', '1cpuI08', '8ram403', '1hdd04', '2gpuMG07', '9ps07'),
('build238', 'b1', 'game', 'g2', 'h1', 'm4', 'c5', 'case03', '3mb06I', '1cpuI08', '8ram403', '1hdd04', '2gpuMG07', '9ps07'),
('build239', 'b1', 'game', 'g2', 'h1', 'm4', 'c6', 'case04', '3mb06I', '1cpuI08', '8ram403', '1hdd04', '2gpuMG07', '9ps07'),
('build240', 'b1', 'game', 'g2', 'h1', 'm5', 'c1', 'case06', '3mb06I', '1cpuI08', '8ram403', '1hdd04', '2gpuMG07', '9ps07'),
('build241', 'b1', 'game', 'g2', 'h1', 'm5', 'c2', 'case07', '3mb06I', '1cpuI08', '8ram403', '1hdd04', '2gpuMG07', '9ps07'),
('build242', 'b1', 'game', 'g2', 'h1', 'm5', 'c3', 'case09', '3mb06I', '1cpuI08', '8ram403', '1hdd04', '2gpuMG07', '9ps07'),
('build243', 'b1', 'game', 'g2', 'h1', 'm5', 'c4', 'case08', '3mb06I', '1cpuI08', '8ram403', '1hdd04', '2gpuMG07', '9ps07'),
('build244', 'b1', 'game', 'g2', 'h1', 'm5', 'c5', 'case03', '3mb06I', '1cpuI08', '8ram403', '1hdd04', '2gpuMG07', '9ps07'),
('build245', 'b1', 'game', 'g2', 'h1', 'm5', 'c6', 'case04', '3mb06I', '1cpuI08', '8ram403', '1hdd04', '2gpuMG07', '9ps07'),
('build246', 'b1', 'game', 'g2', 'h1', 'm6', 'c1', 'case06', '3mb06I', '1cpuI08', '16ram304', '1hdd04', '2gpuMG07', '9ps07'),
('build247', 'b1', 'game', 'g2', 'h1', 'm6', 'c2', 'case07', '3mb06I', '1cpuI08', '16ram304', '1hdd04', '2gpuMG07', '9ps07'),
('build248', 'b1', 'game', 'g2', 'h1', 'm6', 'c3', 'case09', '3mb06I', '1cpuI08', '16ram304', '1hdd04', '2gpuMG07', '9ps07'),
('build249', 'b1', 'game', 'g2', 'h1', 'm6', 'c4', 'case08', '3mb06I', '1cpuI08', '16ram304', '1hdd04', '2gpuMG07', '9ps07'),
('build250', 'b1', 'game', 'g2', 'h1', 'm6', 'c5', 'case03', '3mb06I', '1cpuI08', '16ram304', '1hdd04', '2gpuMG07', '9ps07'),
('build251', 'b1', 'game', 'g2', 'h1', 'm6', 'c6', 'case04', '3mb06I', '1cpuI08', '16ram304', '1hdd04', '2gpuMG07', '9ps07'),
('build252', 'b1', 'game', 'g2', 'h2', 'm1', 'c1', 'case06', '3mb06I', '1cpuI08', '1ram106', '1hdd05', '2gpuMG07', '9ps07'),
('build253', 'b1', 'game', 'g2', 'h2', 'm1', 'c2', 'case07', '3mb06I', '1cpuI08', '1ram106', '1hdd05', '2gpuMG07', '9ps07'),
('build254', 'b1', 'game', 'g2', 'h2', 'm1', 'c3', 'case09', '3mb06I', '1cpuI08', '1ram106', '1hdd05', '2gpuMG07', '9ps07'),
('build255', 'b1', 'game', 'g2', 'h2', 'm1', 'c4', 'case08', '3mb06I', '1cpuI08', '1ram106', '1hdd05', '2gpuMG07', '9ps07'),
('build256', 'b1', 'game', 'g2', 'h2', 'm1', 'c5', 'case03', '3mb06I', '1cpuI08', '1ram106', '1hdd05', '2gpuMG07', '9ps07'),
('build257', 'b1', 'game', 'g2', 'h2', 'm1', 'c6', 'case04', '3mb06I', '1cpuI08', '1ram106', '1hdd05', '2gpuMG07', '9ps07'),
('build258', 'b1', 'game', 'g2', 'h2', 'm2', 'c1', 'case06', '3mb06I', '1cpuI08', '4ram200', '1hdd05', '2gpuMG07', '9ps07'),
('build259', 'b1', 'game', 'g2', 'h2', 'm2', 'c2', 'case07', '3mb06I', '1cpuI08', '4ram200', '1hdd05', '2gpuMG07', '9ps07'),
('build260', 'b1', 'game', 'g2', 'h2', 'm2', 'c3', 'case09', '3mb06I', '1cpuI08', '4ram200', '1hdd05', '2gpuMG07', '9ps07'),
('build261', 'b1', 'game', 'g2', 'h2', 'm2', 'c4', 'case08', '3mb06I', '1cpuI08', '4ram200', '1hdd05', '2gpuMG07', '9ps07'),
('build262', 'b1', 'game', 'g2', 'h2', 'm2', 'c5', 'case03', '3mb06I', '1cpuI08', '4ram200', '1hdd05', '2gpuMG07', '9ps07'),
('build263', 'b1', 'game', 'g2', 'h2', 'm2', 'c6', 'case04', '3mb06I', '1cpuI08', '4ram200', '1hdd05', '2gpuMG07', '9ps07'),
('build264', 'b1', 'game', 'g2', 'h2', 'm3', 'c1', 'case06', '3mb06I', '1cpuI08', '4ram301', '1hdd05', '2gpuMG07', '9ps07'),
('build265', 'b1', 'game', 'g2', 'h2', 'm3', 'c2', 'case07', '3mb06I', '1cpuI08', '4ram301', '1hdd05', '2gpuMG07', '9ps07'),
('build266', 'b1', 'game', 'g2', 'h2', 'm3', 'c3', 'case09', '3mb06I', '1cpuI08', '4ram301', '1hdd05', '2gpuMG07', '9ps07'),
('build267', 'b1', 'game', 'g2', 'h2', 'm3', 'c4', 'case08', '3mb06I', '1cpuI08', '4ram301', '1hdd05', '2gpuMG07', '9ps07'),
('build268', 'b1', 'game', 'g2', 'h2', 'm3', 'c5', 'case03', '3mb06I', '1cpuI08', '4ram301', '1hdd05', '2gpuMG07', '9ps07'),
('build269', 'b1', 'game', 'g2', 'h2', 'm3', 'c6', 'case04', '3mb06I', '1cpuI08', '4ram301', '1hdd05', '2gpuMG07', '9ps07'),
('build270', 'b1', 'game', 'g2', 'h2', 'm4', 'c1', 'case06', '3mb06I', '1cpuI08', '8ram403', '1hdd05', '2gpuMG07', '9ps07'),
('build271', 'b1', 'game', 'g2', 'h2', 'm4', 'c2', 'case07', '3mb06I', '1cpuI08', '8ram403', '1hdd05', '2gpuMG07', '9ps07'),
('build272', 'b1', 'game', 'g2', 'h2', 'm4', 'c3', 'case09', '3mb06I', '1cpuI08', '8ram403', '1hdd05', '2gpuMG07', '9ps07'),
('build273', 'b1', 'game', 'g2', 'h2', 'm4', 'c4', 'case08', '3mb06I', '1cpuI08', '8ram403', '1hdd05', '2gpuMG07', '9ps07'),
('build274', 'b1', 'game', 'g2', 'h2', 'm4', 'c5', 'case03', '3mb06I', '1cpuI08', '8ram403', '1hdd05', '2gpuMG07', '9ps07'),
('build275', 'b1', 'game', 'g2', 'h2', 'm4', 'c6', 'case04', '3mb06I', '1cpuI08', '8ram403', '1hdd05', '2gpuMG07', '9ps07'),
('build276', 'b1', 'game', 'g2', 'h2', 'm5', 'c1', 'case06', '3mb06I', '1cpuI08', '8ram403', '1hdd05', '2gpuMG07', '9ps07'),
('build277', 'b1', 'game', 'g2', 'h2', 'm5', 'c2', 'case07', '3mb06I', '1cpuI08', '8ram403', '1hdd05', '2gpuMG07', '9ps07'),
('build278', 'b1', 'game', 'g2', 'h2', 'm5', 'c3', 'case09', '3mb06I', '1cpuI08', '8ram403', '1hdd05', '2gpuMG07', '9ps07'),
('build279', 'b1', 'game', 'g2', 'h2', 'm5', 'c4', 'case08', '3mb06I', '1cpuI08', '8ram403', '1hdd05', '2gpuMG07', '9ps07'),
('build280', 'b1', 'game', 'g2', 'h2', 'm5', 'c5', 'case03', '3mb06I', '1cpuI08', '8ram403', '1hdd05', '2gpuMG07', '9ps07'),
('build281', 'b1', 'game', 'g2', 'h2', 'm5', 'c6', 'case04', '3mb06I', '1cpuI08', '8ram403', '1hdd05', '2gpuMG07', '9ps07'),
('build282', 'b1', 'game', 'g2', 'h2', 'm6', 'c1', 'case06', '3mb06I', '1cpuI08', '16ram304', '1hdd05', '2gpuMG07', '9ps07'),
('build283', 'b1', 'game', 'g2', 'h2', 'm6', 'c2', 'case07', '3mb06I', '1cpuI08', '16ram304', '1hdd05', '2gpuMG07', '9ps07'),
('build284', 'b1', 'game', 'g2', 'h2', 'm6', 'c3', 'case09', '3mb06I', '1cpuI08', '16ram304', '1hdd05', '2gpuMG07', '9ps07'),
('build285', 'b1', 'game', 'g2', 'h2', 'm6', 'c4', 'case08', '3mb06I', '1cpuI08', '16ram304', '1hdd05', '2gpuMG07', '9ps07'),
('build286', 'b1', 'game', 'g2', 'h2', 'm6', 'c5', 'case03', '3mb06I', '1cpuI08', '16ram304', '1hdd05', '2gpuMG07', '9ps07'),
('build287', 'b1', 'game', 'g2', 'h2', 'm6', 'c6', 'case04', '3mb06I', '1cpuI08', '16ram304', '1hdd05', '2gpuMG07', '9ps07'),
('build288', 'b1', 'game', 'g2', 'h3', 'm1', 'c1', 'case06', '3mb06I', '1cpuI08', '1ram106', '3hdd01', '2gpuMG07', '9ps07'),
('build289', 'b1', 'game', 'g2', 'h3', 'm1', 'c2', 'case07', '3mb06I', '1cpuI08', '1ram106', '3hdd01', '2gpuMG07', '9ps07'),
('build290', 'b1', 'game', 'g2', 'h3', 'm1', 'c3', 'case09', '3mb06I', '1cpuI08', '1ram106', '3hdd01', '2gpuMG07', '9ps07'),
('build291', 'b1', 'game', 'g2', 'h3', 'm1', 'c4', 'case08', '3mb06I', '1cpuI08', '1ram106', '3hdd01', '2gpuMG07', '9ps07'),
('build292', 'b1', 'game', 'g2', 'h3', 'm1', 'c5', 'case03', '3mb06I', '1cpuI08', '1ram106', '3hdd01', '2gpuMG07', '9ps07'),
('build293', 'b1', 'game', 'g2', 'h3', 'm1', 'c6', 'case04', '3mb06I', '1cpuI08', '1ram106', '3hdd01', '2gpuMG07', '9ps07'),
('build294', 'b1', 'game', 'g2', 'h3', 'm2', 'c1', 'case06', '3mb06I', '1cpuI08', '4ram200', '3hdd01', '2gpuMG07', '9ps07'),
('build295', 'b1', 'game', 'g2', 'h3', 'm2', 'c2', 'case07', '3mb06I', '1cpuI08', '4ram200', '3hdd01', '2gpuMG07', '9ps07'),
('build296', 'b1', 'game', 'g2', 'h3', 'm2', 'c3', 'case09', '3mb06I', '1cpuI08', '4ram200', '3hdd01', '2gpuMG07', '9ps07'),
('build297', 'b1', 'game', 'g2', 'h3', 'm2', 'c4', 'case08', '3mb06I', '1cpuI08', '4ram200', '3hdd01', '2gpuMG07', '9ps07'),
('build298', 'b1', 'game', 'g2', 'h3', 'm2', 'c5', 'case03', '3mb06I', '1cpuI08', '4ram200', '3hdd01', '2gpuMG07', '9ps07'),
('build299', 'b1', 'game', 'g2', 'h3', 'm2', 'c6', 'case04', '3mb06I', '1cpuI08', '4ram200', '3hdd01', '2gpuMG07', '9ps07'),
('build300', 'b1', 'game', 'g2', 'h3', 'm3', 'c1', 'case06', '3mb06I', '1cpuI08', '4ram301', '3hdd01', '2gpuMG07', '9ps07'),
('build301', 'b1', 'game', 'g2', 'h3', 'm3', 'c2', 'case07', '3mb06I', '1cpuI08', '4ram301', '3hdd01', '2gpuMG07', '9ps07'),
('build302', 'b1', 'game', 'g2', 'h3', 'm3', 'c3', 'case09', '3mb06I', '1cpuI08', '4ram301', '3hdd01', '2gpuMG07', '9ps07'),
('build303', 'b1', 'game', 'g2', 'h3', 'm3', 'c4', 'case08', '3mb06I', '1cpuI08', '4ram301', '3hdd01', '2gpuMG07', '9ps07'),
('build304', 'b1', 'game', 'g2', 'h3', 'm3', 'c5', 'case03', '3mb06I', '1cpuI08', '4ram301', '3hdd01', '2gpuMG07', '9ps07'),
('build305', 'b1', 'game', 'g2', 'h3', 'm3', 'c6', 'case04', '3mb06I', '1cpuI08', '4ram301', '3hdd01', '2gpuMG07', '9ps07'),
('build306', 'b1', 'game', 'g2', 'h3', 'm4', 'c1', 'case06', '3mb06I', '1cpuI08', '8ram403', '3hdd01', '2gpuMG07', '9ps07'),
('build307', 'b1', 'game', 'g2', 'h3', 'm4', 'c2', 'case07', '3mb06I', '1cpuI08', '8ram403', '3hdd01', '2gpuMG07', '9ps07'),
('build308', 'b1', 'game', 'g2', 'h3', 'm4', 'c3', 'case09', '3mb06I', '1cpuI08', '8ram403', '3hdd01', '2gpuMG07', '9ps07'),
('build309', 'b1', 'game', 'g2', 'h3', 'm4', 'c4', 'case08', '3mb06I', '1cpuI08', '8ram403', '3hdd01', '2gpuMG07', '9ps07'),
('build310', 'b1', 'game', 'g2', 'h3', 'm4', 'c5', 'case03', '3mb06I', '1cpuI08', '8ram403', '3hdd01', '2gpuMG07', '9ps07'),
('build311', 'b1', 'game', 'g2', 'h3', 'm4', 'c6', 'case04', '3mb06I', '1cpuI08', '8ram403', '3hdd01', '2gpuMG07', '9ps07'),
('build312', 'b1', 'game', 'g2', 'h3', 'm5', 'c1', 'case06', '3mb06I', '1cpuI08', '8ram403', '3hdd01', '2gpuMG07', '9ps07'),
('build313', 'b1', 'game', 'g2', 'h3', 'm5', 'c2', 'case07', '3mb06I', '1cpuI08', '8ram403', '3hdd01', '2gpuMG07', '9ps07'),
('build314', 'b1', 'game', 'g2', 'h3', 'm5', 'c3', 'case09', '3mb06I', '1cpuI08', '8ram403', '3hdd01', '2gpuMG07', '9ps07'),
('build315', 'b1', 'game', 'g2', 'h3', 'm5', 'c4', 'case08', '3mb06I', '1cpuI08', '8ram403', '3hdd01', '2gpuMG07', '9ps07'),
('build316', 'b1', 'game', 'g2', 'h3', 'm5', 'c5', 'case03', '3mb06I', '1cpuI08', '8ram403', '3hdd01', '2gpuMG07', '9ps07'),
('build317', 'b1', 'game', 'g2', 'h3', 'm5', 'c6', 'case04', '3mb06I', '1cpuI08', '8ram403', '3hdd01', '2gpuMG07', '9ps07'),
('build318', 'b1', 'game', 'g2', 'h3', 'm6', 'c1', 'case06', '3mb06I', '1cpuI08', '16ram304', '3hdd01', '2gpuMG07', '9ps07'),
('build319', 'b1', 'game', 'g2', 'h3', 'm6', 'c2', 'case07', '3mb06I', '1cpuI08', '16ram304', '3hdd01', '2gpuMG07', '9ps07'),
('build320', 'b1', 'game', 'g2', 'h3', 'm6', 'c3', 'case09', '3mb06I', '1cpuI08', '16ram304', '3hdd01', '2gpuMG07', '9ps07'),
('build321', 'b1', 'game', 'g2', 'h3', 'm6', 'c4', 'case08', '3mb06I', '1cpuI08', '16ram304', '3hdd01', '2gpuMG07', '9ps07'),
('build322', 'b1', 'game', 'g2', 'h3', 'm6', 'c5', 'case03', '3mb06I', '1cpuI08', '16ram304', '3hdd01', '2gpuMG07', '9ps07'),
('build323', 'b1', 'game', 'g2', 'h3', 'm6', 'c6', 'case04', '3mb06I', '1cpuI08', '16ram304', '3hdd01', '2gpuMG07', '9ps07'),
('build324', 'b1', 'game', 'g2', 'h4', 'm1', 'c1', 'case06', '3mb06I', '1cpuI08', '1ram106', '3hdd02', '2gpuMG07', '9ps07'),
('build325', 'b1', 'game', 'g2', 'h4', 'm1', 'c2', 'case07', '3mb06I', '1cpuI08', '1ram106', '3hdd02', '2gpuMG07', '9ps07'),
('build326', 'b1', 'game', 'g2', 'h4', 'm1', 'c3', 'case09', '3mb06I', '1cpuI08', '1ram106', '3hdd02', '2gpuMG07', '9ps07'),
('build327', 'b1', 'game', 'g2', 'h4', 'm1', 'c4', 'case08', '3mb06I', '1cpuI08', '1ram106', '3hdd02', '2gpuMG07', '9ps07'),
('build328', 'b1', 'game', 'g2', 'h4', 'm1', 'c5', 'case03', '3mb06I', '1cpuI08', '1ram106', '3hdd02', '2gpuMG07', '9ps07'),
('build329', 'b1', 'game', 'g2', 'h4', 'm1', 'c6', 'case04', '3mb06I', '1cpuI08', '1ram106', '3hdd02', '2gpuMG07', '9ps07'),
('build330', 'b1', 'game', 'g2', 'h4', 'm2', 'c1', 'case06', '3mb06I', '1cpuI08', '4ram200', '3hdd02', '2gpuMG07', '9ps07'),
('build331', 'b1', 'game', 'g2', 'h4', 'm2', 'c2', 'case07', '3mb06I', '1cpuI08', '4ram200', '3hdd02', '2gpuMG07', '9ps07'),
('build332', 'b1', 'game', 'g2', 'h4', 'm2', 'c3', 'case09', '3mb06I', '1cpuI08', '4ram200', '3hdd02', '2gpuMG07', '9ps07'),
('build333', 'b1', 'game', 'g2', 'h4', 'm2', 'c4', 'case08', '3mb06I', '1cpuI08', '4ram200', '3hdd02', '2gpuMG07', '9ps07'),
('build334', 'b1', 'game', 'g2', 'h4', 'm2', 'c5', 'case03', '3mb06I', '1cpuI08', '4ram200', '3hdd02', '2gpuMG07', '9ps07'),
('build335', 'b1', 'game', 'g2', 'h4', 'm2', 'c6', 'case04', '3mb06I', '1cpuI08', '4ram200', '3hdd02', '2gpuMG07', '9ps07'),
('build336', 'b1', 'game', 'g2', 'h4', 'm3', 'c1', 'case06', '3mb06I', '1cpuI08', '4ram301', '3hdd02', '2gpuMG07', '9ps07'),
('build337', 'b1', 'game', 'g2', 'h4', 'm3', 'c2', 'case07', '3mb06I', '1cpuI08', '4ram301', '3hdd02', '2gpuMG07', '9ps07'),
('build338', 'b1', 'game', 'g2', 'h4', 'm3', 'c3', 'case09', '3mb06I', '1cpuI08', '4ram301', '3hdd02', '2gpuMG07', '9ps07'),
('build339', 'b1', 'game', 'g2', 'h4', 'm3', 'c4', 'case08', '3mb06I', '1cpuI08', '4ram301', '3hdd02', '2gpuMG07', '9ps07'),
('build340', 'b1', 'game', 'g2', 'h4', 'm3', 'c5', 'case03', '3mb06I', '1cpuI08', '4ram301', '3hdd02', '2gpuMG07', '9ps07'),
('build341', 'b1', 'game', 'g2', 'h4', 'm3', 'c6', 'case04', '3mb06I', '1cpuI08', '4ram301', '3hdd02', '2gpuMG07', '9ps07'),
('build342', 'b1', 'game', 'g2', 'h4', 'm4', 'c1', 'case06', '3mb06I', '1cpuI08', '8ram403', '3hdd02', '2gpuMG07', '9ps07'),
('build343', 'b1', 'game', 'g2', 'h4', 'm4', 'c2', 'case07', '3mb06I', '1cpuI08', '8ram403', '3hdd02', '2gpuMG07', '9ps07'),
('build344', 'b1', 'game', 'g2', 'h4', 'm4', 'c3', 'case09', '3mb06I', '1cpuI08', '8ram403', '3hdd02', '2gpuMG07', '9ps07'),
('build345', 'b1', 'game', 'g2', 'h4', 'm4', 'c4', 'case08', '3mb06I', '1cpuI08', '8ram403', '3hdd02', '2gpuMG07', '9ps07'),
('build346', 'b1', 'game', 'g2', 'h4', 'm4', 'c5', 'case03', '3mb06I', '1cpuI08', '8ram403', '3hdd02', '2gpuMG07', '9ps07'),
('build347', 'b1', 'game', 'g2', 'h4', 'm4', 'c6', 'case04', '3mb06I', '1cpuI08', '8ram403', '3hdd02', '2gpuMG07', '9ps07'),
('build348', 'b1', 'game', 'g2', 'h4', 'm5', 'c1', 'case06', '3mb06I', '1cpuI08', '8ram403', '3hdd02', '2gpuMG07', '9ps07'),
('build349', 'b1', 'game', 'g2', 'h4', 'm5', 'c2', 'case07', '3mb06I', '1cpuI08', '8ram403', '3hdd02', '2gpuMG07', '9ps07'),
('build350', 'b1', 'game', 'g2', 'h4', 'm5', 'c3', 'case09', '3mb06I', '1cpuI08', '8ram403', '3hdd02', '2gpuMG07', '9ps07'),
('build351', 'b1', 'game', 'g2', 'h4', 'm5', 'c4', 'case08', '3mb06I', '1cpuI08', '8ram403', '3hdd02', '2gpuMG07', '9ps07'),
('build352', 'b1', 'game', 'g2', 'h4', 'm5', 'c5', 'case03', '3mb06I', '1cpuI08', '8ram403', '3hdd02', '2gpuMG07', '9ps07'),
('build353', 'b1', 'game', 'g2', 'h4', 'm5', 'c6', 'case04', '3mb06I', '1cpuI08', '8ram403', '3hdd02', '2gpuMG07', '9ps07'),
('build354', 'b1', 'game', 'g2', 'h4', 'm6', 'c1', 'case06', '3mb06I', '1cpuI08', '16ram304', '3hdd02', '2gpuMG07', '9ps07'),
('build355', 'b1', 'game', 'g2', 'h4', 'm6', 'c2', 'case07', '3mb06I', '1cpuI08', '16ram304', '3hdd02', '2gpuMG07', '9ps07'),
('build356', 'b1', 'game', 'g2', 'h4', 'm6', 'c3', 'case09', '3mb06I', '1cpuI08', '16ram304', '3hdd02', '2gpuMG07', '9ps07'),
('build357', 'b1', 'game', 'g2', 'h4', 'm6', 'c4', 'case08', '3mb06I', '1cpuI08', '16ram304', '3hdd02', '2gpuMG07', '9ps07'),
('build358', 'b1', 'game', 'g2', 'h4', 'm6', 'c5', 'case03', '3mb06I', '1cpuI08', '16ram304', '3hdd02', '2gpuMG07', '9ps07'),
('build359', 'b1', 'game', 'g2', 'h4', 'm6', 'c6', 'case04', '3mb06I', '1cpuI08', '16ram304', '3hdd02', '2gpuMG07', '9ps07'),
('build360', 'b1', 'game', 'g2', 'h5', 'm1', 'c1', 'case06', '3mb06I', '1cpuI08', '1ram106', '6hdd00', '2gpuMG07', '9ps07'),
('build361', 'b1', 'game', 'g2', 'h5', 'm1', 'c2', 'case07', '3mb06I', '1cpuI08', '1ram106', '6hdd00', '2gpuMG07', '9ps07'),
('build362', 'b1', 'game', 'g2', 'h5', 'm1', 'c3', 'case09', '3mb06I', '1cpuI08', '1ram106', '6hdd00', '2gpuMG07', '9ps07'),
('build363', 'b1', 'game', 'g2', 'h5', 'm1', 'c4', 'case08', '3mb06I', '1cpuI08', '1ram106', '6hdd00', '2gpuMG07', '9ps07'),
('build364', 'b1', 'game', 'g2', 'h5', 'm1', 'c5', 'case03', '3mb06I', '1cpuI08', '1ram106', '6hdd00', '2gpuMG07', '9ps07'),
('build365', 'b1', 'game', 'g2', 'h5', 'm1', 'c6', 'case04', '3mb06I', '1cpuI08', '1ram106', '6hdd00', '2gpuMG07', '9ps07'),
('build366', 'b1', 'game', 'g2', 'h5', 'm2', 'c1', 'case06', '3mb06I', '1cpuI08', '4ram200', '6hdd00', '2gpuMG07', '9ps07'),
('build367', 'b1', 'game', 'g2', 'h5', 'm2', 'c2', 'case07', '3mb06I', '1cpuI08', '4ram200', '6hdd00', '2gpuMG07', '9ps07'),
('build368', 'b1', 'game', 'g2', 'h5', 'm2', 'c3', 'case09', '3mb06I', '1cpuI08', '4ram200', '6hdd00', '2gpuMG07', '9ps07'),
('build369', 'b1', 'game', 'g2', 'h5', 'm2', 'c4', 'case08', '3mb06I', '1cpuI08', '4ram200', '6hdd00', '2gpuMG07', '9ps07'),
('build370', 'b1', 'game', 'g2', 'h5', 'm2', 'c5', 'case03', '3mb06I', '1cpuI08', '4ram200', '6hdd00', '2gpuMG07', '9ps07'),
('build371', 'b1', 'game', 'g2', 'h5', 'm2', 'c6', 'case04', '3mb06I', '1cpuI08', '4ram200', '6hdd00', '2gpuMG07', '9ps07'),
('build372', 'b1', 'game', 'g2', 'h5', 'm3', 'c1', 'case06', '3mb06I', '1cpuI08', '4ram301', '6hdd00', '2gpuMG07', '9ps07'),
('build373', 'b1', 'game', 'g2', 'h5', 'm3', 'c2', 'case07', '3mb06I', '1cpuI08', '4ram301', '6hdd00', '2gpuMG07', '9ps07'),
('build374', 'b1', 'game', 'g2', 'h5', 'm3', 'c3', 'case09', '3mb06I', '1cpuI08', '4ram301', '6hdd00', '2gpuMG07', '9ps07'),
('build375', 'b1', 'game', 'g2', 'h5', 'm3', 'c4', 'case08', '3mb06I', '1cpuI08', '4ram301', '6hdd00', '2gpuMG07', '9ps07'),
('build376', 'b1', 'game', 'g2', 'h5', 'm3', 'c5', 'case03', '3mb06I', '1cpuI08', '4ram301', '6hdd00', '2gpuMG07', '9ps07'),
('build377', 'b1', 'game', 'g2', 'h5', 'm3', 'c6', 'case04', '3mb06I', '1cpuI08', '4ram301', '6hdd00', '2gpuMG07', '9ps07'),
('build378', 'b1', 'game', 'g2', 'h5', 'm4', 'c1', 'case06', '3mb06I', '1cpuI08', '8ram403', '6hdd00', '2gpuMG07', '9ps07'),
('build379', 'b1', 'game', 'g2', 'h5', 'm4', 'c2', 'case07', '3mb06I', '1cpuI08', '8ram403', '6hdd00', '2gpuMG07', '9ps07'),
('build380', 'b1', 'game', 'g2', 'h5', 'm4', 'c3', 'case09', '3mb06I', '1cpuI08', '8ram403', '6hdd00', '2gpuMG07', '9ps07'),
('build381', 'b1', 'game', 'g2', 'h5', 'm4', 'c4', 'case08', '3mb06I', '1cpuI08', '8ram403', '6hdd00', '2gpuMG07', '9ps07'),
('build382', 'b1', 'game', 'g2', 'h5', 'm4', 'c5', 'case03', '3mb06I', '1cpuI08', '8ram403', '6hdd00', '2gpuMG07', '9ps07'),
('build383', 'b1', 'game', 'g2', 'h5', 'm4', 'c6', 'case04', '3mb06I', '1cpuI08', '8ram403', '6hdd00', '2gpuMG07', '9ps07'),
('build384', 'b1', 'game', 'g2', 'h5', 'm5', 'c1', 'case06', '3mb06I', '1cpuI08', '8ram403', '6hdd00', '2gpuMG07', '9ps07'),
('build385', 'b1', 'game', 'g2', 'h5', 'm5', 'c2', 'case07', '3mb06I', '1cpuI08', '8ram403', '6hdd00', '2gpuMG07', '9ps07'),
('build386', 'b1', 'game', 'g2', 'h5', 'm5', 'c3', 'case09', '3mb06I', '1cpuI08', '8ram403', '6hdd00', '2gpuMG07', '9ps07'),
('build387', 'b1', 'game', 'g2', 'h5', 'm5', 'c4', 'case08', '3mb06I', '1cpuI08', '8ram403', '6hdd00', '2gpuMG07', '9ps07'),
('build388', 'b1', 'game', 'g2', 'h5', 'm5', 'c5', 'case03', '3mb06I', '1cpuI08', '8ram403', '6hdd00', '2gpuMG07', '9ps07'),
('build389', 'b1', 'game', 'g2', 'h5', 'm5', 'c6', 'case04', '3mb06I', '1cpuI08', '8ram403', '6hdd00', '2gpuMG07', '9ps07'),
('build390', 'b1', 'game', 'g2', 'h5', 'm6', 'c1', 'case06', '3mb06I', '1cpuI08', '16ram304', '6hdd00', '2gpuMG07', '9ps07'),
('build391', 'b1', 'game', 'g2', 'h5', 'm6', 'c2', 'case07', '3mb06I', '1cpuI08', '16ram304', '6hdd00', '2gpuMG07', '9ps07'),
('build392', 'b1', 'game', 'g2', 'h5', 'm6', 'c3', 'case09', '3mb06I', '1cpuI08', '16ram304', '6hdd00', '2gpuMG07', '9ps07'),
('build393', 'b1', 'game', 'g2', 'h5', 'm6', 'c4', 'case08', '3mb06I', '1cpuI08', '16ram304', '6hdd00', '2gpuMG07', '9ps07'),
('build394', 'b1', 'game', 'g2', 'h5', 'm6', 'c5', 'case03', '3mb06I', '1cpuI08', '16ram304', '6hdd00', '2gpuMG07', '9ps07'),
('build395', 'b1', 'game', 'g2', 'h5', 'm6', 'c6', 'case04', '3mb06I', '1cpuI08', '16ram304', '6hdd00', '2gpuMG07', '9ps07'),
('build396', 'b1', 'game', 'g2', 'h6', 'm1', 'c1', 'case06', '3mb06I', '1cpuI08', '1ram106', '6hdd00', '2gpuMG07', '9ps07'),
('build397', 'b1', 'game', 'g2', 'h6', 'm1', 'c2', 'case07', '3mb06I', '1cpuI08', '1ram106', '6hdd00', '2gpuMG07', '9ps07'),
('build398', 'b1', 'game', 'g2', 'h6', 'm1', 'c3', 'case09', '3mb06I', '1cpuI08', '1ram106', '6hdd00', '2gpuMG07', '9ps07'),
('build399', 'b1', 'game', 'g2', 'h6', 'm1', 'c4', 'case08', '3mb06I', '1cpuI08', '1ram106', '6hdd00', '2gpuMG07', '9ps07'),
('build400', 'b1', 'game', 'g2', 'h6', 'm1', 'c5', 'case03', '3mb06I', '1cpuI08', '1ram106', '6hdd00', '2gpuMG07', '9ps07'),
('build401', 'b1', 'game', 'g2', 'h6', 'm1', 'c6', 'case04', '3mb06I', '1cpuI08', '1ram106', '6hdd00', '2gpuMG07', '9ps07'),
('build402', 'b1', 'game', 'g2', 'h6', 'm2', 'c1', 'case06', '3mb06I', '1cpuI08', '4ram200', '6hdd00', '2gpuMG07', '9ps07'),
('build403', 'b1', 'game', 'g2', 'h6', 'm2', 'c2', 'case07', '3mb06I', '1cpuI08', '4ram200', '6hdd00', '2gpuMG07', '9ps07'),
('build404', 'b1', 'game', 'g2', 'h6', 'm2', 'c3', 'case09', '3mb06I', '1cpuI08', '4ram200', '6hdd00', '2gpuMG07', '9ps07'),
('build405', 'b1', 'game', 'g2', 'h6', 'm2', 'c4', 'case08', '3mb06I', '1cpuI08', '4ram200', '6hdd00', '2gpuMG07', '9ps07'),
('build406', 'b1', 'game', 'g2', 'h6', 'm2', 'c5', 'case03', '3mb06I', '1cpuI08', '4ram200', '6hdd00', '2gpuMG07', '9ps07'),
('build407', 'b1', 'game', 'g2', 'h6', 'm2', 'c6', 'case04', '3mb06I', '1cpuI08', '4ram200', '6hdd00', '2gpuMG07', '9ps07'),
('build408', 'b1', 'game', 'g2', 'h6', 'm3', 'c1', 'case06', '3mb06I', '1cpuI08', '4ram301', '6hdd00', '2gpuMG07', '9ps07'),
('build409', 'b1', 'game', 'g2', 'h6', 'm3', 'c2', 'case07', '3mb06I', '1cpuI08', '4ram301', '6hdd00', '2gpuMG07', '9ps07'),
('build410', 'b1', 'game', 'g2', 'h6', 'm3', 'c3', 'case09', '3mb06I', '1cpuI08', '4ram301', '6hdd00', '2gpuMG07', '9ps07'),
('build411', 'b1', 'game', 'g2', 'h6', 'm3', 'c4', 'case08', '3mb06I', '1cpuI08', '4ram301', '6hdd00', '2gpuMG07', '9ps07'),
('build412', 'b1', 'game', 'g2', 'h6', 'm3', 'c5', 'case03', '3mb06I', '1cpuI08', '4ram301', '6hdd00', '2gpuMG07', '9ps07'),
('build413', 'b1', 'game', 'g2', 'h6', 'm3', 'c6', 'case04', '3mb06I', '1cpuI08', '4ram301', '6hdd00', '2gpuMG07', '9ps07'),
('build414', 'b1', 'game', 'g2', 'h6', 'm4', 'c1', 'case06', '3mb06I', '1cpuI08', '8ram403', '6hdd00', '2gpuMG07', '9ps07'),
('build415', 'b1', 'game', 'g2', 'h6', 'm4', 'c2', 'case07', '3mb06I', '1cpuI08', '8ram403', '6hdd00', '2gpuMG07', '9ps07'),
('build416', 'b1', 'game', 'g2', 'h6', 'm4', 'c3', 'case09', '3mb06I', '1cpuI08', '8ram403', '6hdd00', '2gpuMG07', '9ps07'),
('build417', 'b1', 'game', 'g2', 'h6', 'm4', 'c4', 'case08', '3mb06I', '1cpuI08', '8ram403', '6hdd00', '2gpuMG07', '9ps07'),
('build418', 'b1', 'game', 'g2', 'h6', 'm4', 'c5', 'case03', '3mb06I', '1cpuI08', '8ram403', '6hdd00', '2gpuMG07', '9ps07'),
('build419', 'b1', 'game', 'g2', 'h6', 'm4', 'c6', 'case04', '3mb06I', '1cpuI08', '8ram403', '6hdd00', '2gpuMG07', '9ps07'),
('build420', 'b1', 'game', 'g2', 'h6', 'm5', 'c1', 'case06', '3mb06I', '1cpuI08', '8ram403', '6hdd00', '2gpuMG07', '9ps07'),
('build421', 'b1', 'game', 'g2', 'h6', 'm5', 'c2', 'case07', '3mb06I', '1cpuI08', '8ram403', '6hdd00', '2gpuMG07', '9ps07'),
('build422', 'b1', 'game', 'g2', 'h6', 'm5', 'c3', 'case09', '3mb06I', '1cpuI08', '8ram403', '6hdd00', '2gpuMG07', '9ps07'),
('build423', 'b1', 'game', 'g2', 'h6', 'm5', 'c4', 'case08', '3mb06I', '1cpuI08', '8ram403', '6hdd00', '2gpuMG07', '9ps07'),
('build424', 'b1', 'game', 'g2', 'h6', 'm5', 'c5', 'case03', '3mb06I', '1cpuI08', '8ram403', '6hdd00', '2gpuMG07', '9ps07'),
('build425', 'b1', 'game', 'g2', 'h6', 'm5', 'c6', 'case04', '3mb06I', '1cpuI08', '8ram403', '6hdd00', '2gpuMG07', '9ps07'),
('build426', 'b1', 'game', 'g2', 'h6', 'm6', 'c1', 'case06', '3mb06I', '1cpuI08', '16ram304', '6hdd00', '2gpuMG07', '9ps07'),
('build427', 'b1', 'game', 'g2', 'h6', 'm6', 'c2', 'case07', '3mb06I', '1cpuI08', '16ram304', '6hdd00', '2gpuMG07', '9ps07'),
('build428', 'b1', 'game', 'g2', 'h6', 'm6', 'c3', 'case09', '3mb06I', '1cpuI08', '16ram304', '6hdd00', '2gpuMG07', '9ps07'),
('build429', 'b1', 'game', 'g2', 'h6', 'm6', 'c4', 'case08', '3mb06I', '1cpuI08', '16ram304', '6hdd00', '2gpuMG07', '9ps07'),
('build430', 'b1', 'game', 'g2', 'h6', 'm6', 'c5', 'case03', '3mb06I', '1cpuI08', '16ram304', '6hdd00', '2gpuMG07', '9ps07'),
('build431', 'b1', 'game', 'g2', 'h6', 'm6', 'c6', 'case04', '3mb06I', '1cpuI08', '16ram304', '6hdd00', '2gpuMG07', '9ps07'),
('build432', 'b1', 'game', 'g3', 'h1', 'm1', 'c1', 'case06', '3mb06I', '1cpuI08', '1ram106', '1hdd04', '6gpuAG02', '9ps07'),
('build433', 'b1', 'game', 'g3', 'h1', 'm1', 'c2', 'case07', '3mb06I', '1cpuI08', '1ram106', '1hdd04', '6gpuAG02', '9ps07'),
('build434', 'b1', 'game', 'g3', 'h1', 'm1', 'c3', 'case09', '3mb06I', '1cpuI08', '1ram106', '1hdd04', '6gpuAG02', '9ps07'),
('build435', 'b1', 'game', 'g3', 'h1', 'm1', 'c4', 'case08', '3mb06I', '1cpuI08', '1ram106', '1hdd04', '6gpuAG02', '9ps07'),
('build436', 'b1', 'game', 'g3', 'h1', 'm1', 'c5', 'case03', '3mb06I', '1cpuI08', '1ram106', '1hdd04', '6gpuAG02', '9ps07'),
('build437', 'b1', 'game', 'g3', 'h1', 'm1', 'c6', 'case04', '3mb06I', '1cpuI08', '1ram106', '1hdd04', '6gpuAG02', '9ps07'),
('build438', 'b1', 'game', 'g3', 'h1', 'm2', 'c1', 'case06', '3mb06I', '1cpuI08', '4ram200', '1hdd04', '6gpuAG02', '9ps07'),
('build439', 'b1', 'game', 'g3', 'h1', 'm2', 'c2', 'case07', '3mb06I', '1cpuI08', '4ram200', '1hdd04', '6gpuAG02', '9ps07'),
('build440', 'b1', 'game', 'g3', 'h1', 'm2', 'c3', 'case09', '3mb06I', '1cpuI08', '4ram200', '1hdd04', '6gpuAG02', '9ps07'),
('build441', 'b1', 'game', 'g3', 'h1', 'm2', 'c4', 'case08', '3mb06I', '1cpuI08', '4ram200', '1hdd04', '6gpuAG02', '9ps07'),
('build442', 'b1', 'game', 'g3', 'h1', 'm2', 'c5', 'case03', '3mb06I', '1cpuI08', '4ram200', '1hdd04', '6gpuAG02', '9ps07'),
('build443', 'b1', 'game', 'g3', 'h1', 'm2', 'c6', 'case04', '3mb06I', '1cpuI08', '4ram200', '1hdd04', '6gpuAG02', '9ps07'),
('build444', 'b1', 'game', 'g3', 'h1', 'm3', 'c1', 'case06', '3mb06I', '1cpuI08', '4ram301', '1hdd04', '6gpuAG02', '9ps07'),
('build445', 'b1', 'game', 'g3', 'h1', 'm3', 'c2', 'case07', '3mb06I', '1cpuI08', '4ram301', '1hdd04', '6gpuAG02', '9ps07'),
('build446', 'b1', 'game', 'g3', 'h1', 'm3', 'c3', 'case09', '3mb06I', '1cpuI08', '4ram301', '1hdd04', '6gpuAG02', '9ps07'),
('build447', 'b1', 'game', 'g3', 'h1', 'm3', 'c4', 'case08', '3mb06I', '1cpuI08', '4ram301', '1hdd04', '6gpuAG02', '9ps07'),
('build448', 'b1', 'game', 'g3', 'h1', 'm3', 'c5', 'case03', '3mb06I', '1cpuI08', '4ram301', '1hdd04', '6gpuAG02', '9ps07'),
('build449', 'b1', 'game', 'g3', 'h1', 'm3', 'c6', 'case04', '3mb06I', '1cpuI08', '4ram301', '1hdd04', '6gpuAG02', '9ps07'),
('build450', 'b1', 'game', 'g3', 'h1', 'm4', 'c1', 'case06', '3mb06I', '1cpuI08', '8ram403', '1hdd04', '6gpuAG02', '9ps07'),
('build451', 'b1', 'game', 'g3', 'h1', 'm4', 'c2', 'case07', '3mb06I', '1cpuI08', '8ram403', '1hdd04', '6gpuAG02', '9ps07'),
('build452', 'b1', 'game', 'g3', 'h1', 'm4', 'c3', 'case09', '3mb06I', '1cpuI08', '8ram403', '1hdd04', '6gpuAG02', '9ps07'),
('build453', 'b1', 'game', 'g3', 'h1', 'm4', 'c4', 'case08', '3mb06I', '1cpuI08', '8ram403', '1hdd04', '6gpuAG02', '9ps07'),
('build454', 'b1', 'game', 'g3', 'h1', 'm4', 'c5', 'case03', '3mb06I', '1cpuI08', '8ram403', '1hdd04', '6gpuAG02', '9ps07'),
('build455', 'b1', 'game', 'g3', 'h1', 'm4', 'c6', 'case04', '3mb06I', '1cpuI08', '8ram403', '1hdd04', '6gpuAG02', '9ps07'),
('build456', 'b1', 'game', 'g3', 'h1', 'm5', 'c1', 'case06', '3mb06I', '1cpuI08', '8ram403', '1hdd04', '6gpuAG02', '9ps07'),
('build457', 'b1', 'game', 'g3', 'h1', 'm5', 'c2', 'case07', '3mb06I', '1cpuI08', '8ram403', '1hdd04', '6gpuAG02', '9ps07'),
('build458', 'b1', 'game', 'g3', 'h1', 'm5', 'c3', 'case09', '3mb06I', '1cpuI08', '8ram403', '1hdd04', '6gpuAG02', '9ps07'),
('build459', 'b1', 'game', 'g3', 'h1', 'm5', 'c4', 'case08', '3mb06I', '1cpuI08', '8ram403', '1hdd04', '6gpuAG02', '9ps07'),
('build460', 'b1', 'game', 'g3', 'h1', 'm5', 'c5', 'case03', '3mb06I', '1cpuI08', '8ram403', '1hdd04', '6gpuAG02', '9ps07'),
('build461', 'b1', 'game', 'g3', 'h1', 'm5', 'c6', 'case04', '3mb06I', '1cpuI08', '8ram403', '1hdd04', '6gpuAG02', '9ps07'),
('build462', 'b1', 'game', 'g3', 'h1', 'm6', 'c1', 'case06', '3mb06I', '1cpuI08', '16ram304', '1hdd04', '6gpuAG02', '9ps07'),
('build463', 'b1', 'game', 'g3', 'h1', 'm6', 'c2', 'case07', '3mb06I', '1cpuI08', '16ram304', '1hdd04', '6gpuAG02', '9ps07'),
('build464', 'b1', 'game', 'g3', 'h1', 'm6', 'c3', 'case09', '3mb06I', '1cpuI08', '16ram304', '1hdd04', '6gpuAG02', '9ps07'),
('build465', 'b1', 'game', 'g3', 'h1', 'm6', 'c4', 'case08', '3mb06I', '1cpuI08', '16ram304', '1hdd04', '6gpuAG02', '9ps07'),
('build466', 'b1', 'game', 'g3', 'h1', 'm6', 'c5', 'case03', '3mb06I', '1cpuI08', '16ram304', '1hdd04', '6gpuAG02', '9ps07'),
('build467', 'b1', 'game', 'g3', 'h1', 'm6', 'c6', 'case04', '3mb06I', '1cpuI08', '16ram304', '1hdd04', '6gpuAG02', '9ps07'),
('build468', 'b1', 'game', 'g3', 'h2', 'm1', 'c1', 'case06', '3mb06I', '1cpuI08', '1ram106', '1hdd05', '6gpuAG02', '9ps07'),
('build469', 'b1', 'game', 'g3', 'h2', 'm1', 'c2', 'case07', '3mb06I', '1cpuI08', '1ram106', '1hdd05', '6gpuAG02', '9ps07'),
('build470', 'b1', 'game', 'g3', 'h2', 'm1', 'c3', 'case09', '3mb06I', '1cpuI08', '1ram106', '1hdd05', '6gpuAG02', '9ps07'),
('build471', 'b1', 'game', 'g3', 'h2', 'm1', 'c4', 'case08', '3mb06I', '1cpuI08', '1ram106', '1hdd05', '6gpuAG02', '9ps07'),
('build472', 'b1', 'game', 'g3', 'h2', 'm1', 'c5', 'case03', '3mb06I', '1cpuI08', '1ram106', '1hdd05', '6gpuAG02', '9ps07'),
('build473', 'b1', 'game', 'g3', 'h2', 'm1', 'c6', 'case04', '3mb06I', '1cpuI08', '1ram106', '1hdd05', '6gpuAG02', '9ps07'),
('build474', 'b1', 'game', 'g3', 'h2', 'm2', 'c1', 'case06', '3mb06I', '1cpuI08', '4ram200', '1hdd05', '6gpuAG02', '9ps07'),
('build475', 'b1', 'game', 'g3', 'h2', 'm2', 'c2', 'case07', '3mb06I', '1cpuI08', '4ram200', '1hdd05', '6gpuAG02', '9ps07'),
('build476', 'b1', 'game', 'g3', 'h2', 'm2', 'c3', 'case09', '3mb06I', '1cpuI08', '4ram200', '1hdd05', '6gpuAG02', '9ps07'),
('build477', 'b1', 'game', 'g3', 'h2', 'm2', 'c4', 'case08', '3mb06I', '1cpuI08', '4ram200', '1hdd05', '6gpuAG02', '9ps07'),
('build478', 'b1', 'game', 'g3', 'h2', 'm2', 'c5', 'case03', '3mb06I', '1cpuI08', '4ram200', '1hdd05', '6gpuAG02', '9ps07'),
('build479', 'b1', 'game', 'g3', 'h2', 'm2', 'c6', 'case04', '3mb06I', '1cpuI08', '4ram200', '1hdd05', '6gpuAG02', '9ps07'),
('build480', 'b1', 'game', 'g3', 'h2', 'm3', 'c1', 'case06', '3mb06I', '1cpuI08', '4ram301', '1hdd05', '6gpuAG02', '9ps07'),
('build481', 'b1', 'game', 'g3', 'h2', 'm3', 'c2', 'case07', '3mb06I', '1cpuI08', '4ram301', '1hdd05', '6gpuAG02', '9ps07'),
('build482', 'b1', 'game', 'g3', 'h2', 'm3', 'c3', 'case09', '3mb06I', '1cpuI08', '4ram301', '1hdd05', '6gpuAG02', '9ps07'),
('build483', 'b1', 'game', 'g3', 'h2', 'm3', 'c4', 'case08', '3mb06I', '1cpuI08', '4ram301', '1hdd05', '6gpuAG02', '9ps07'),
('build484', 'b1', 'game', 'g3', 'h2', 'm3', 'c5', 'case03', '3mb06I', '1cpuI08', '4ram301', '1hdd05', '6gpuAG02', '9ps07'),
('build485', 'b1', 'game', 'g3', 'h2', 'm3', 'c6', 'case04', '3mb06I', '1cpuI08', '4ram301', '1hdd05', '6gpuAG02', '9ps07'),
('build486', 'b1', 'game', 'g3', 'h2', 'm4', 'c1', 'case06', '3mb06I', '1cpuI08', '8ram403', '1hdd05', '6gpuAG02', '9ps07'),
('build487', 'b1', 'game', 'g3', 'h2', 'm4', 'c2', 'case07', '3mb06I', '1cpuI08', '8ram403', '1hdd05', '6gpuAG02', '9ps07'),
('build488', 'b1', 'game', 'g3', 'h2', 'm4', 'c3', 'case09', '3mb06I', '1cpuI08', '8ram403', '1hdd05', '6gpuAG02', '9ps07'),
('build489', 'b1', 'game', 'g3', 'h2', 'm4', 'c4', 'case08', '3mb06I', '1cpuI08', '8ram403', '1hdd05', '6gpuAG02', '9ps07'),
('build490', 'b1', 'game', 'g3', 'h2', 'm4', 'c5', 'case03', '3mb06I', '1cpuI08', '8ram403', '1hdd05', '6gpuAG02', '9ps07'),
('build491', 'b1', 'game', 'g3', 'h2', 'm4', 'c6', 'case04', '3mb06I', '1cpuI08', '8ram403', '1hdd05', '6gpuAG02', '9ps07'),
('build492', 'b1', 'game', 'g3', 'h2', 'm5', 'c1', 'case06', '3mb06I', '1cpuI08', '8ram403', '1hdd05', '6gpuAG02', '9ps07'),
('build493', 'b1', 'game', 'g3', 'h2', 'm5', 'c2', 'case07', '3mb06I', '1cpuI08', '8ram403', '1hdd05', '6gpuAG02', '9ps07'),
('build494', 'b1', 'game', 'g3', 'h2', 'm5', 'c3', 'case09', '3mb06I', '1cpuI08', '8ram403', '1hdd05', '6gpuAG02', '9ps07'),
('build495', 'b1', 'game', 'g3', 'h2', 'm5', 'c4', 'case08', '3mb06I', '1cpuI08', '8ram403', '1hdd05', '6gpuAG02', '9ps07'),
('build496', 'b1', 'game', 'g3', 'h2', 'm5', 'c5', 'case03', '3mb06I', '1cpuI08', '8ram403', '1hdd05', '6gpuAG02', '9ps07'),
('build497', 'b1', 'game', 'g3', 'h2', 'm5', 'c6', 'case04', '3mb06I', '1cpuI08', '8ram403', '1hdd05', '6gpuAG02', '9ps07'),
('build498', 'b1', 'game', 'g3', 'h2', 'm6', 'c1', 'case06', '3mb06I', '1cpuI08', '16ram304', '1hdd05', '6gpuAG02', '9ps07'),
('build499', 'b1', 'game', 'g3', 'h2', 'm6', 'c2', 'case07', '3mb06I', '1cpuI08', '16ram304', '1hdd05', '6gpuAG02', '9ps07'),
('build500', 'b1', 'game', 'g3', 'h2', 'm6', 'c3', 'case09', '3mb06I', '1cpuI08', '16ram304', '1hdd05', '6gpuAG02', '9ps07'),
('build501', 'b1', 'game', 'g3', 'h2', 'm6', 'c4', 'case08', '3mb06I', '1cpuI08', '16ram304', '1hdd05', '6gpuAG02', '9ps07'),
('build502', 'b1', 'game', 'g3', 'h2', 'm6', 'c5', 'case03', '3mb06I', '1cpuI08', '16ram304', '1hdd05', '6gpuAG02', '9ps07'),
('build503', 'b1', 'game', 'g3', 'h2', 'm6', 'c6', 'case04', '3mb06I', '1cpuI08', '16ram304', '1hdd05', '6gpuAG02', '9ps07'),
('build504', 'b1', 'game', 'g3', 'h3', 'm1', 'c1', 'case06', '3mb06I', '1cpuI08', '1ram106', '3hdd01', '6gpuAG02', '9ps07'),
('build505', 'b1', 'game', 'g3', 'h3', 'm1', 'c2', 'case07', '3mb06I', '1cpuI08', '1ram106', '3hdd01', '6gpuAG02', '9ps07'),
('build506', 'b1', 'game', 'g3', 'h3', 'm1', 'c3', 'case09', '3mb06I', '1cpuI08', '1ram106', '3hdd01', '6gpuAG02', '9ps07'),
('build507', 'b1', 'game', 'g3', 'h3', 'm1', 'c4', 'case08', '3mb06I', '1cpuI08', '1ram106', '3hdd01', '6gpuAG02', '9ps07'),
('build508', 'b1', 'game', 'g3', 'h3', 'm1', 'c5', 'case03', '3mb06I', '1cpuI08', '1ram106', '3hdd01', '6gpuAG02', '9ps07'),
('build509', 'b1', 'game', 'g3', 'h3', 'm1', 'c6', 'case04', '3mb06I', '1cpuI08', '1ram106', '3hdd01', '6gpuAG02', '9ps07'),
('build510', 'b1', 'game', 'g3', 'h3', 'm2', 'c1', 'case06', '3mb06I', '1cpuI08', '4ram200', '3hdd01', '6gpuAG02', '9ps07'),
('build511', 'b1', 'game', 'g3', 'h3', 'm2', 'c2', 'case07', '3mb06I', '1cpuI08', '4ram200', '3hdd01', '6gpuAG02', '9ps07'),
('build512', 'b1', 'game', 'g3', 'h3', 'm2', 'c3', 'case09', '3mb06I', '1cpuI08', '4ram200', '3hdd01', '6gpuAG02', '9ps07'),
('build513', 'b1', 'game', 'g3', 'h3', 'm2', 'c4', 'case08', '3mb06I', '1cpuI08', '4ram200', '3hdd01', '6gpuAG02', '9ps07'),
('build514', 'b1', 'game', 'g3', 'h3', 'm2', 'c5', 'case03', '3mb06I', '1cpuI08', '4ram200', '3hdd01', '6gpuAG02', '9ps07'),
('build515', 'b1', 'game', 'g3', 'h3', 'm2', 'c6', 'case04', '3mb06I', '1cpuI08', '4ram200', '3hdd01', '6gpuAG02', '9ps07'),
('build516', 'b1', 'game', 'g3', 'h3', 'm3', 'c1', 'case06', '3mb06I', '1cpuI08', '4ram301', '3hdd01', '6gpuAG02', '9ps07'),
('build517', 'b1', 'game', 'g3', 'h3', 'm3', 'c2', 'case07', '3mb06I', '1cpuI08', '4ram301', '3hdd01', '6gpuAG02', '9ps07'),
('build518', 'b1', 'game', 'g3', 'h3', 'm3', 'c3', 'case09', '3mb06I', '1cpuI08', '4ram301', '3hdd01', '6gpuAG02', '9ps07'),
('build519', 'b1', 'game', 'g3', 'h3', 'm3', 'c4', 'case08', '3mb06I', '1cpuI08', '4ram301', '3hdd01', '6gpuAG02', '9ps07'),
('build520', 'b1', 'game', 'g3', 'h3', 'm3', 'c5', 'case03', '3mb06I', '1cpuI08', '4ram301', '3hdd01', '6gpuAG02', '9ps07'),
('build521', 'b1', 'game', 'g3', 'h3', 'm3', 'c6', 'case04', '3mb06I', '1cpuI08', '4ram301', '3hdd01', '6gpuAG02', '9ps07'),
('build522', 'b1', 'game', 'g3', 'h3', 'm4', 'c1', 'case06', '3mb06I', '1cpuI08', '8ram403', '3hdd01', '6gpuAG02', '9ps07'),
('build523', 'b1', 'game', 'g3', 'h3', 'm4', 'c2', 'case07', '3mb06I', '1cpuI08', '8ram403', '3hdd01', '6gpuAG02', '9ps07'),
('build524', 'b1', 'game', 'g3', 'h3', 'm4', 'c3', 'case09', '3mb06I', '1cpuI08', '8ram403', '3hdd01', '6gpuAG02', '9ps07'),
('build525', 'b1', 'game', 'g3', 'h3', 'm4', 'c4', 'case08', '3mb06I', '1cpuI08', '8ram403', '3hdd01', '6gpuAG02', '9ps07'),
('build526', 'b1', 'game', 'g3', 'h3', 'm4', 'c5', 'case03', '3mb06I', '1cpuI08', '8ram403', '3hdd01', '6gpuAG02', '9ps07'),
('build527', 'b1', 'game', 'g3', 'h3', 'm4', 'c6', 'case04', '3mb06I', '1cpuI08', '8ram403', '3hdd01', '6gpuAG02', '9ps07'),
('build528', 'b1', 'game', 'g3', 'h3', 'm5', 'c1', 'case06', '3mb06I', '1cpuI08', '8ram403', '3hdd01', '6gpuAG02', '9ps07'),
('build529', 'b1', 'game', 'g3', 'h3', 'm5', 'c2', 'case07', '3mb06I', '1cpuI08', '8ram403', '3hdd01', '6gpuAG02', '9ps07'),
('build530', 'b1', 'game', 'g3', 'h3', 'm5', 'c3', 'case09', '3mb06I', '1cpuI08', '8ram403', '3hdd01', '6gpuAG02', '9ps07'),
('build531', 'b1', 'game', 'g3', 'h3', 'm5', 'c4', 'case08', '3mb06I', '1cpuI08', '8ram403', '3hdd01', '6gpuAG02', '9ps07'),
('build532', 'b1', 'game', 'g3', 'h3', 'm5', 'c5', 'case03', '3mb06I', '1cpuI08', '8ram403', '3hdd01', '6gpuAG02', '9ps07'),
('build533', 'b1', 'game', 'g3', 'h3', 'm5', 'c6', 'case04', '3mb06I', '1cpuI08', '8ram403', '3hdd01', '6gpuAG02', '9ps07'),
('build534', 'b1', 'game', 'g3', 'h3', 'm6', 'c1', 'case06', '3mb06I', '1cpuI08', '16ram304', '3hdd01', '6gpuAG02', '9ps07'),
('build535', 'b1', 'game', 'g3', 'h3', 'm6', 'c2', 'case07', '3mb06I', '1cpuI08', '16ram304', '3hdd01', '6gpuAG02', '9ps07'),
('build536', 'b1', 'game', 'g3', 'h3', 'm6', 'c3', 'case09', '3mb06I', '1cpuI08', '16ram304', '3hdd01', '6gpuAG02', '9ps07'),
('build537', 'b1', 'game', 'g3', 'h3', 'm6', 'c4', 'case08', '3mb06I', '1cpuI08', '16ram304', '3hdd01', '6gpuAG02', '9ps07'),
('build538', 'b1', 'game', 'g3', 'h3', 'm6', 'c5', 'case03', '3mb06I', '1cpuI08', '16ram304', '3hdd01', '6gpuAG02', '9ps07'),
('build539', 'b1', 'game', 'g3', 'h3', 'm6', 'c6', 'case04', '3mb06I', '1cpuI08', '16ram304', '3hdd01', '6gpuAG02', '9ps07'),
('build540', 'b1', 'game', 'g3', 'h4', 'm1', 'c1', 'case06', '3mb06I', '1cpuI08', '1ram106', '3hdd02', '6gpuAG02', '9ps07'),
('build541', 'b1', 'game', 'g3', 'h4', 'm1', 'c2', 'case07', '3mb06I', '1cpuI08', '1ram106', '3hdd02', '6gpuAG02', '9ps07'),
('build542', 'b1', 'game', 'g3', 'h4', 'm1', 'c3', 'case09', '3mb06I', '1cpuI08', '1ram106', '3hdd02', '6gpuAG02', '9ps07'),
('build543', 'b1', 'game', 'g3', 'h4', 'm1', 'c4', 'case08', '3mb06I', '1cpuI08', '1ram106', '3hdd02', '6gpuAG02', '9ps07'),
('build544', 'b1', 'game', 'g3', 'h4', 'm1', 'c5', 'case03', '3mb06I', '1cpuI08', '1ram106', '3hdd02', '6gpuAG02', '9ps07'),
('build545', 'b1', 'game', 'g3', 'h4', 'm1', 'c6', 'case04', '3mb06I', '1cpuI08', '1ram106', '3hdd02', '6gpuAG02', '9ps07'),
('build546', 'b1', 'game', 'g3', 'h4', 'm2', 'c1', 'case06', '3mb06I', '1cpuI08', '4ram200', '3hdd02', '6gpuAG02', '9ps07'),
('build547', 'b1', 'game', 'g3', 'h4', 'm2', 'c2', 'case07', '3mb06I', '1cpuI08', '4ram200', '3hdd02', '6gpuAG02', '9ps07'),
('build548', 'b1', 'game', 'g3', 'h4', 'm2', 'c3', 'case09', '3mb06I', '1cpuI08', '4ram200', '3hdd02', '6gpuAG02', '9ps07'),
('build549', 'b1', 'game', 'g3', 'h4', 'm2', 'c4', 'case08', '3mb06I', '1cpuI08', '4ram200', '3hdd02', '6gpuAG02', '9ps07'),
('build550', 'b1', 'game', 'g3', 'h4', 'm2', 'c5', 'case03', '3mb06I', '1cpuI08', '4ram200', '3hdd02', '6gpuAG02', '9ps07'),
('build551', 'b1', 'game', 'g3', 'h4', 'm2', 'c6', 'case04', '3mb06I', '1cpuI08', '4ram200', '3hdd02', '6gpuAG02', '9ps07'),
('build552', 'b1', 'game', 'g3', 'h4', 'm3', 'c1', 'case06', '3mb06I', '1cpuI08', '4ram301', '3hdd02', '6gpuAG02', '9ps07'),
('build553', 'b1', 'game', 'g3', 'h4', 'm3', 'c2', 'case07', '3mb06I', '1cpuI08', '4ram301', '3hdd02', '6gpuAG02', '9ps07'),
('build554', 'b1', 'game', 'g3', 'h4', 'm3', 'c3', 'case09', '3mb06I', '1cpuI08', '4ram301', '3hdd02', '6gpuAG02', '9ps07'),
('build555', 'b1', 'game', 'g3', 'h4', 'm3', 'c4', 'case08', '3mb06I', '1cpuI08', '4ram301', '3hdd02', '6gpuAG02', '9ps07'),
('build556', 'b1', 'game', 'g3', 'h4', 'm3', 'c5', 'case03', '3mb06I', '1cpuI08', '4ram301', '3hdd02', '6gpuAG02', '9ps07'),
('build557', 'b1', 'game', 'g3', 'h4', 'm3', 'c6', 'case04', '3mb06I', '1cpuI08', '4ram301', '3hdd02', '6gpuAG02', '9ps07'),
('build558', 'b1', 'game', 'g3', 'h4', 'm4', 'c1', 'case06', '3mb06I', '1cpuI08', '8ram403', '3hdd02', '6gpuAG02', '9ps07'),
('build559', 'b1', 'game', 'g3', 'h4', 'm4', 'c2', 'case07', '3mb06I', '1cpuI08', '8ram403', '3hdd02', '6gpuAG02', '9ps07'),
('build560', 'b1', 'game', 'g3', 'h4', 'm4', 'c3', 'case09', '3mb06I', '1cpuI08', '8ram403', '3hdd02', '6gpuAG02', '9ps07'),
('build561', 'b1', 'game', 'g3', 'h4', 'm4', 'c4', 'case08', '3mb06I', '1cpuI08', '8ram403', '3hdd02', '6gpuAG02', '9ps07'),
('build562', 'b1', 'game', 'g3', 'h4', 'm4', 'c5', 'case03', '3mb06I', '1cpuI08', '8ram403', '3hdd02', '6gpuAG02', '9ps07'),
('build563', 'b1', 'game', 'g3', 'h4', 'm4', 'c6', 'case04', '3mb06I', '1cpuI08', '8ram403', '3hdd02', '6gpuAG02', '9ps07'),
('build564', 'b1', 'game', 'g3', 'h4', 'm5', 'c1', 'case06', '3mb06I', '1cpuI08', '8ram403', '3hdd02', '6gpuAG02', '9ps07'),
('build565', 'b1', 'game', 'g3', 'h4', 'm5', 'c2', 'case07', '3mb06I', '1cpuI08', '8ram403', '3hdd02', '6gpuAG02', '9ps07'),
('build566', 'b1', 'game', 'g3', 'h4', 'm5', 'c3', 'case09', '3mb06I', '1cpuI08', '8ram403', '3hdd02', '6gpuAG02', '9ps07'),
('build567', 'b1', 'game', 'g3', 'h4', 'm5', 'c4', 'case08', '3mb06I', '1cpuI08', '8ram403', '3hdd02', '6gpuAG02', '9ps07'),
('build568', 'b1', 'game', 'g3', 'h4', 'm5', 'c5', 'case03', '3mb06I', '1cpuI08', '8ram403', '3hdd02', '6gpuAG02', '9ps07'),
('build569', 'b1', 'game', 'g3', 'h4', 'm5', 'c6', 'case04', '3mb06I', '1cpuI08', '8ram403', '3hdd02', '6gpuAG02', '9ps07'),
('build570', 'b1', 'game', 'g3', 'h4', 'm6', 'c1', 'case06', '3mb06I', '1cpuI08', '16ram304', '3hdd02', '6gpuAG02', '9ps07'),
('build571', 'b1', 'game', 'g3', 'h4', 'm6', 'c2', 'case07', '3mb06I', '1cpuI08', '16ram304', '3hdd02', '6gpuAG02', '9ps07'),
('build572', 'b1', 'game', 'g3', 'h4', 'm6', 'c3', 'case09', '3mb06I', '1cpuI08', '16ram304', '3hdd02', '6gpuAG02', '9ps07'),
('build573', 'b1', 'game', 'g3', 'h4', 'm6', 'c4', 'case08', '3mb06I', '1cpuI08', '16ram304', '3hdd02', '6gpuAG02', '9ps07'),
('build574', 'b1', 'game', 'g3', 'h4', 'm6', 'c5', 'case03', '3mb06I', '1cpuI08', '16ram304', '3hdd02', '6gpuAG02', '9ps07'),
('build575', 'b1', 'game', 'g3', 'h4', 'm6', 'c6', 'case04', '3mb06I', '1cpuI08', '16ram304', '3hdd02', '6gpuAG02', '9ps07'),
('build576', 'b1', 'game', 'g3', 'h5', 'm1', 'c1', 'case06', '3mb06I', '1cpuI08', '1ram106', '6hdd00', '6gpuAG02', '9ps07'),
('build577', 'b1', 'game', 'g3', 'h5', 'm1', 'c2', 'case07', '3mb06I', '1cpuI08', '1ram106', '6hdd00', '6gpuAG02', '9ps07'),
('build578', 'b1', 'game', 'g3', 'h5', 'm1', 'c3', 'case09', '3mb06I', '1cpuI08', '1ram106', '6hdd00', '6gpuAG02', '9ps07'),
('build579', 'b1', 'game', 'g3', 'h5', 'm1', 'c4', 'case08', '3mb06I', '1cpuI08', '1ram106', '6hdd00', '6gpuAG02', '9ps07'),
('build580', 'b1', 'game', 'g3', 'h5', 'm1', 'c5', 'case03', '3mb06I', '1cpuI08', '1ram106', '6hdd00', '6gpuAG02', '9ps07'),
('build581', 'b1', 'game', 'g3', 'h5', 'm1', 'c6', 'case04', '3mb06I', '1cpuI08', '1ram106', '6hdd00', '6gpuAG02', '9ps07'),
('build582', 'b1', 'game', 'g3', 'h5', 'm2', 'c1', 'case06', '3mb06I', '1cpuI08', '4ram200', '6hdd00', '6gpuAG02', '9ps07'),
('build583', 'b1', 'game', 'g3', 'h5', 'm2', 'c2', 'case07', '3mb06I', '1cpuI08', '4ram200', '6hdd00', '6gpuAG02', '9ps07'),
('build584', 'b1', 'game', 'g3', 'h5', 'm2', 'c3', 'case09', '3mb06I', '1cpuI08', '4ram200', '6hdd00', '6gpuAG02', '9ps07'),
('build585', 'b1', 'game', 'g3', 'h5', 'm2', 'c4', 'case08', '3mb06I', '1cpuI08', '4ram200', '6hdd00', '6gpuAG02', '9ps07'),
('build586', 'b1', 'game', 'g3', 'h5', 'm2', 'c5', 'case03', '3mb06I', '1cpuI08', '4ram200', '6hdd00', '6gpuAG02', '9ps07'),
('build587', 'b1', 'game', 'g3', 'h5', 'm2', 'c6', 'case04', '3mb06I', '1cpuI08', '4ram200', '6hdd00', '6gpuAG02', '9ps07'),
('build588', 'b1', 'game', 'g3', 'h5', 'm3', 'c1', 'case06', '3mb06I', '1cpuI08', '4ram301', '6hdd00', '6gpuAG02', '9ps07'),
('build589', 'b1', 'game', 'g3', 'h5', 'm3', 'c2', 'case07', '3mb06I', '1cpuI08', '4ram301', '6hdd00', '6gpuAG02', '9ps07'),
('build590', 'b1', 'game', 'g3', 'h5', 'm3', 'c3', 'case09', '3mb06I', '1cpuI08', '4ram301', '6hdd00', '6gpuAG02', '9ps07'),
('build591', 'b1', 'game', 'g3', 'h5', 'm3', 'c4', 'case08', '3mb06I', '1cpuI08', '4ram301', '6hdd00', '6gpuAG02', '9ps07'),
('build592', 'b1', 'game', 'g3', 'h5', 'm3', 'c5', 'case03', '3mb06I', '1cpuI08', '4ram301', '6hdd00', '6gpuAG02', '9ps07'),
('build593', 'b1', 'game', 'g3', 'h5', 'm3', 'c6', 'case04', '3mb06I', '1cpuI08', '4ram301', '6hdd00', '6gpuAG02', '9ps07'),
('build594', 'b1', 'game', 'g3', 'h5', 'm4', 'c1', 'case06', '3mb06I', '1cpuI08', '8ram403', '6hdd00', '6gpuAG02', '9ps07'),
('build595', 'b1', 'game', 'g3', 'h5', 'm4', 'c2', 'case07', '3mb06I', '1cpuI08', '8ram403', '6hdd00', '6gpuAG02', '9ps07'),
('build596', 'b1', 'game', 'g3', 'h5', 'm4', 'c3', 'case09', '3mb06I', '1cpuI08', '8ram403', '6hdd00', '6gpuAG02', '9ps07'),
('build597', 'b1', 'game', 'g3', 'h5', 'm4', 'c4', 'case08', '3mb06I', '1cpuI08', '8ram403', '6hdd00', '6gpuAG02', '9ps07'),
('build598', 'b1', 'game', 'g3', 'h5', 'm4', 'c5', 'case03', '3mb06I', '1cpuI08', '8ram403', '6hdd00', '6gpuAG02', '9ps07'),
('build599', 'b1', 'game', 'g3', 'h5', 'm4', 'c6', 'case04', '3mb06I', '1cpuI08', '8ram403', '6hdd00', '6gpuAG02', '9ps07'),
('build600', 'b1', 'game', 'g3', 'h5', 'm5', 'c1', 'case06', '3mb06I', '1cpuI08', '8ram403', '6hdd00', '6gpuAG02', '9ps07'),
('build601', 'b1', 'game', 'g3', 'h5', 'm5', 'c2', 'case07', '3mb06I', '1cpuI08', '8ram403', '6hdd00', '6gpuAG02', '9ps07'),
('build602', 'b1', 'game', 'g3', 'h5', 'm5', 'c3', 'case09', '3mb06I', '1cpuI08', '8ram403', '6hdd00', '6gpuAG02', '9ps07'),
('build603', 'b1', 'game', 'g3', 'h5', 'm5', 'c4', 'case08', '3mb06I', '1cpuI08', '8ram403', '6hdd00', '6gpuAG02', '9ps07'),
('build604', 'b1', 'game', 'g3', 'h5', 'm5', 'c5', 'case03', '3mb06I', '1cpuI08', '8ram403', '6hdd00', '6gpuAG02', '9ps07'),
('build605', 'b1', 'game', 'g3', 'h5', 'm5', 'c6', 'case04', '3mb06I', '1cpuI08', '8ram403', '6hdd00', '6gpuAG02', '9ps07'),
('build606', 'b1', 'game', 'g3', 'h5', 'm6', 'c1', 'case06', '3mb06I', '1cpuI08', '16ram304', '6hdd00', '6gpuAG02', '9ps07'),
('build607', 'b1', 'game', 'g3', 'h5', 'm6', 'c2', 'case07', '3mb06I', '1cpuI08', '16ram304', '6hdd00', '6gpuAG02', '9ps07'),
('build608', 'b1', 'game', 'g3', 'h5', 'm6', 'c3', 'case09', '3mb06I', '1cpuI08', '16ram304', '6hdd00', '6gpuAG02', '9ps07'),
('build609', 'b1', 'game', 'g3', 'h5', 'm6', 'c4', 'case08', '3mb06I', '1cpuI08', '16ram304', '6hdd00', '6gpuAG02', '9ps07'),
('build610', 'b1', 'game', 'g3', 'h5', 'm6', 'c5', 'case03', '3mb06I', '1cpuI08', '16ram304', '6hdd00', '6gpuAG02', '9ps07'),
('build611', 'b1', 'game', 'g3', 'h5', 'm6', 'c6', 'case04', '3mb06I', '1cpuI08', '16ram304', '6hdd00', '6gpuAG02', '9ps07'),
('build612', 'b1', 'game', 'g3', 'h6', 'm1', 'c1', 'case06', '3mb06I', '1cpuI08', '1ram106', '6hdd00', '6gpuAG02', '9ps07'),
('build613', 'b1', 'game', 'g3', 'h6', 'm1', 'c2', 'case07', '3mb06I', '1cpuI08', '1ram106', '6hdd00', '6gpuAG02', '9ps07'),
('build614', 'b1', 'game', 'g3', 'h6', 'm1', 'c3', 'case09', '3mb06I', '1cpuI08', '1ram106', '6hdd00', '6gpuAG02', '9ps07'),
('build615', 'b1', 'game', 'g3', 'h6', 'm1', 'c4', 'case08', '3mb06I', '1cpuI08', '1ram106', '6hdd00', '6gpuAG02', '9ps07'),
('build616', 'b1', 'game', 'g3', 'h6', 'm1', 'c5', 'case03', '3mb06I', '1cpuI08', '1ram106', '6hdd00', '6gpuAG02', '9ps07'),
('build617', 'b1', 'game', 'g3', 'h6', 'm1', 'c6', 'case04', '3mb06I', '1cpuI08', '1ram106', '6hdd00', '6gpuAG02', '9ps07'),
('build618', 'b1', 'game', 'g3', 'h6', 'm2', 'c1', 'case06', '3mb06I', '1cpuI08', '4ram200', '6hdd00', '6gpuAG02', '9ps07'),
('build619', 'b1', 'game', 'g3', 'h6', 'm2', 'c2', 'case07', '3mb06I', '1cpuI08', '4ram200', '6hdd00', '6gpuAG02', '9ps07'),
('build620', 'b1', 'game', 'g3', 'h6', 'm2', 'c3', 'case09', '3mb06I', '1cpuI08', '4ram200', '6hdd00', '6gpuAG02', '9ps07'),
('build621', 'b1', 'game', 'g3', 'h6', 'm2', 'c4', 'case08', '3mb06I', '1cpuI08', '4ram200', '6hdd00', '6gpuAG02', '9ps07'),
('build622', 'b1', 'game', 'g3', 'h6', 'm2', 'c5', 'case03', '3mb06I', '1cpuI08', '4ram200', '6hdd00', '6gpuAG02', '9ps07'),
('build623', 'b1', 'game', 'g3', 'h6', 'm2', 'c6', 'case04', '3mb06I', '1cpuI08', '4ram200', '6hdd00', '6gpuAG02', '9ps07'),
('build624', 'b1', 'game', 'g3', 'h6', 'm3', 'c1', 'case06', '3mb06I', '1cpuI08', '4ram301', '6hdd00', '6gpuAG02', '9ps07'),
('build625', 'b1', 'game', 'g3', 'h6', 'm3', 'c2', 'case07', '3mb06I', '1cpuI08', '4ram301', '6hdd00', '6gpuAG02', '9ps07'),
('build626', 'b1', 'game', 'g3', 'h6', 'm3', 'c3', 'case09', '3mb06I', '1cpuI08', '4ram301', '6hdd00', '6gpuAG02', '9ps07'),
('build627', 'b1', 'game', 'g3', 'h6', 'm3', 'c4', 'case08', '3mb06I', '1cpuI08', '4ram301', '6hdd00', '6gpuAG02', '9ps07'),
('build628', 'b1', 'game', 'g3', 'h6', 'm3', 'c5', 'case03', '3mb06I', '1cpuI08', '4ram301', '6hdd00', '6gpuAG02', '9ps07'),
('build629', 'b1', 'game', 'g3', 'h6', 'm3', 'c6', 'case04', '3mb06I', '1cpuI08', '4ram301', '6hdd00', '6gpuAG02', '9ps07'),
('build630', 'b1', 'game', 'g3', 'h6', 'm4', 'c1', 'case06', '3mb06I', '1cpuI08', '8ram403', '6hdd00', '6gpuAG02', '9ps07'),
('build631', 'b1', 'game', 'g3', 'h6', 'm4', 'c2', 'case07', '3mb06I', '1cpuI08', '8ram403', '6hdd00', '6gpuAG02', '9ps07'),
('build632', 'b1', 'game', 'g3', 'h6', 'm4', 'c3', 'case09', '3mb06I', '1cpuI08', '8ram403', '6hdd00', '6gpuAG02', '9ps07'),
('build633', 'b1', 'game', 'g3', 'h6', 'm4', 'c4', 'case08', '3mb06I', '1cpuI08', '8ram403', '6hdd00', '6gpuAG02', '9ps07'),
('build634', 'b1', 'game', 'g3', 'h6', 'm4', 'c5', 'case03', '3mb06I', '1cpuI08', '8ram403', '6hdd00', '6gpuAG02', '9ps07'),
('build635', 'b1', 'game', 'g3', 'h6', 'm4', 'c6', 'case04', '3mb06I', '1cpuI08', '8ram403', '6hdd00', '6gpuAG02', '9ps07'),
('build636', 'b1', 'game', 'g3', 'h6', 'm5', 'c1', 'case06', '3mb06I', '1cpuI08', '8ram403', '6hdd00', '6gpuAG02', '9ps07'),
('build637', 'b1', 'game', 'g3', 'h6', 'm5', 'c2', 'case07', '3mb06I', '1cpuI08', '8ram403', '6hdd00', '6gpuAG02', '9ps07'),
('build638', 'b1', 'game', 'g3', 'h6', 'm5', 'c3', 'case09', '3mb06I', '1cpuI08', '8ram403', '6hdd00', '6gpuAG02', '9ps07'),
('build639', 'b1', 'game', 'g3', 'h6', 'm5', 'c4', 'case08', '3mb06I', '1cpuI08', '8ram403', '6hdd00', '6gpuAG02', '9ps07'),
('build640', 'b1', 'game', 'g3', 'h6', 'm5', 'c5', 'case03', '3mb06I', '1cpuI08', '8ram403', '6hdd00', '6gpuAG02', '9ps07'),
('build641', 'b1', 'game', 'g3', 'h6', 'm5', 'c6', 'case04', '3mb06I', '1cpuI08', '8ram403', '6hdd00', '6gpuAG02', '9ps07'),
('build642', 'b1', 'game', 'g3', 'h6', 'm6', 'c1', 'case06', '3mb06I', '1cpuI08', '16ram304', '6hdd00', '6gpuAG02', '9ps07'),
('build643', 'b1', 'game', 'g3', 'h6', 'm6', 'c2', 'case07', '3mb06I', '1cpuI08', '16ram304', '6hdd00', '6gpuAG02', '9ps07'),
('build644', 'b1', 'game', 'g3', 'h6', 'm6', 'c3', 'case09', '3mb06I', '1cpuI08', '16ram304', '6hdd00', '6gpuAG02', '9ps07'),
('build645', 'b1', 'game', 'g3', 'h6', 'm6', 'c4', 'case08', '3mb06I', '1cpuI08', '16ram304', '6hdd00', '6gpuAG02', '9ps07'),
('build646', 'b1', 'game', 'g3', 'h6', 'm6', 'c5', 'case03', '3mb06I', '1cpuI08', '16ram304', '6hdd00', '6gpuAG02', '9ps07'),
('build647', 'b1', 'game', 'g3', 'h6', 'm6', 'c6', 'case04', '3mb06I', '1cpuI08', '16ram304', '6hdd00', '6gpuAG02', '9ps07'),
('build648', 'b1', 'game', 'g4', 'h1', 'm1', 'c1', 'case06', '3mb06I', '1cpuI08', '1ram106', '1hdd04', '7gpuMG00', '9ps07'),
('build649', 'b1', 'game', 'g4', 'h1', 'm1', 'c2', 'case07', '3mb06I', '1cpuI08', '1ram106', '1hdd04', '7gpuMG00', '9ps07'),
('build650', 'b1', 'game', 'g4', 'h1', 'm1', 'c3', 'case09', '3mb06I', '1cpuI08', '1ram106', '1hdd04', '7gpuMG00', '9ps07'),
('build651', 'b1', 'game', 'g4', 'h1', 'm1', 'c4', 'case08', '3mb06I', '1cpuI08', '1ram106', '1hdd04', '7gpuMG00', '9ps07'),
('build652', 'b1', 'game', 'g4', 'h1', 'm1', 'c5', 'case03', '3mb06I', '1cpuI08', '1ram106', '1hdd04', '7gpuMG00', '9ps07'),
('build653', 'b1', 'game', 'g4', 'h1', 'm1', 'c6', 'case04', '3mb06I', '1cpuI08', '1ram106', '1hdd04', '7gpuMG00', '9ps07'),
('build654', 'b1', 'game', 'g4', 'h1', 'm2', 'c1', 'case06', '3mb06I', '1cpuI08', '4ram200', '1hdd04', '7gpuMG00', '9ps07'),
('build655', 'b1', 'game', 'g4', 'h1', 'm2', 'c2', 'case07', '3mb06I', '1cpuI08', '4ram200', '1hdd04', '7gpuMG00', '9ps07'),
('build656', 'b1', 'game', 'g4', 'h1', 'm2', 'c3', 'case09', '3mb06I', '1cpuI08', '4ram200', '1hdd04', '7gpuMG00', '9ps07'),
('build657', 'b1', 'game', 'g4', 'h1', 'm2', 'c4', 'case08', '3mb06I', '1cpuI08', '4ram200', '1hdd04', '7gpuMG00', '9ps07'),
('build658', 'b1', 'game', 'g4', 'h1', 'm2', 'c5', 'case03', '3mb06I', '1cpuI08', '4ram200', '1hdd04', '7gpuMG00', '9ps07'),
('build659', 'b1', 'game', 'g4', 'h1', 'm2', 'c6', 'case04', '3mb06I', '1cpuI08', '4ram200', '1hdd04', '7gpuMG00', '9ps07'),
('build660', 'b1', 'game', 'g4', 'h1', 'm3', 'c1', 'case06', '3mb06I', '1cpuI08', '4ram301', '1hdd04', '7gpuMG00', '9ps07'),
('build661', 'b1', 'game', 'g4', 'h1', 'm3', 'c2', 'case07', '3mb06I', '1cpuI08', '4ram301', '1hdd04', '7gpuMG00', '9ps07'),
('build662', 'b1', 'game', 'g4', 'h1', 'm3', 'c3', 'case09', '3mb06I', '1cpuI08', '4ram301', '1hdd04', '7gpuMG00', '9ps07'),
('build663', 'b1', 'game', 'g4', 'h1', 'm3', 'c4', 'case08', '3mb06I', '1cpuI08', '4ram301', '1hdd04', '7gpuMG00', '9ps07'),
('build664', 'b1', 'game', 'g4', 'h1', 'm3', 'c5', 'case03', '3mb06I', '1cpuI08', '4ram301', '1hdd04', '7gpuMG00', '9ps07'),
('build665', 'b1', 'game', 'g4', 'h1', 'm3', 'c6', 'case04', '3mb06I', '1cpuI08', '4ram301', '1hdd04', '7gpuMG00', '9ps07'),
('build666', 'b1', 'game', 'g4', 'h1', 'm4', 'c1', 'case06', '3mb06I', '1cpuI08', '8ram403', '1hdd04', '7gpuMG00', '9ps07'),
('build667', 'b1', 'game', 'g4', 'h1', 'm4', 'c2', 'case07', '3mb06I', '1cpuI08', '8ram403', '1hdd04', '7gpuMG00', '9ps07'),
('build668', 'b1', 'game', 'g4', 'h1', 'm4', 'c3', 'case09', '3mb06I', '1cpuI08', '8ram403', '1hdd04', '7gpuMG00', '9ps07'),
('build669', 'b1', 'game', 'g4', 'h1', 'm4', 'c4', 'case08', '3mb06I', '1cpuI08', '8ram403', '1hdd04', '7gpuMG00', '9ps07'),
('build670', 'b1', 'game', 'g4', 'h1', 'm4', 'c5', 'case03', '3mb06I', '1cpuI08', '8ram403', '1hdd04', '7gpuMG00', '9ps07'),
('build671', 'b1', 'game', 'g4', 'h1', 'm4', 'c6', 'case04', '3mb06I', '1cpuI08', '8ram403', '1hdd04', '7gpuMG00', '9ps07'),
('build672', 'b1', 'game', 'g4', 'h1', 'm5', 'c1', 'case06', '3mb06I', '1cpuI08', '8ram403', '1hdd04', '7gpuMG00', '9ps07'),
('build673', 'b1', 'game', 'g4', 'h1', 'm5', 'c2', 'case07', '3mb06I', '1cpuI08', '8ram403', '1hdd04', '7gpuMG00', '9ps07'),
('build674', 'b1', 'game', 'g4', 'h1', 'm5', 'c3', 'case09', '3mb06I', '1cpuI08', '8ram403', '1hdd04', '7gpuMG00', '9ps07'),
('build675', 'b1', 'game', 'g4', 'h1', 'm5', 'c4', 'case08', '3mb06I', '1cpuI08', '8ram403', '1hdd04', '7gpuMG00', '9ps07'),
('build676', 'b1', 'game', 'g4', 'h1', 'm5', 'c5', 'case03', '3mb06I', '1cpuI08', '8ram403', '1hdd04', '7gpuMG00', '9ps07'),
('build677', 'b1', 'game', 'g4', 'h1', 'm5', 'c6', 'case04', '3mb06I', '1cpuI08', '8ram403', '1hdd04', '7gpuMG00', '9ps07'),
('build678', 'b1', 'game', 'g4', 'h1', 'm6', 'c1', 'case06', '3mb06I', '1cpuI08', '16ram304', '1hdd04', '7gpuMG00', '9ps07'),
('build679', 'b1', 'game', 'g4', 'h1', 'm6', 'c2', 'case07', '3mb06I', '1cpuI08', '16ram304', '1hdd04', '7gpuMG00', '9ps07'),
('build680', 'b1', 'game', 'g4', 'h1', 'm6', 'c3', 'case09', '3mb06I', '1cpuI08', '16ram304', '1hdd04', '7gpuMG00', '9ps07'),
('build681', 'b1', 'game', 'g4', 'h1', 'm6', 'c4', 'case08', '3mb06I', '1cpuI08', '16ram304', '1hdd04', '7gpuMG00', '9ps07'),
('build682', 'b1', 'game', 'g4', 'h1', 'm6', 'c5', 'case03', '3mb06I', '1cpuI08', '16ram304', '1hdd04', '7gpuMG00', '9ps07'),
('build683', 'b1', 'game', 'g4', 'h1', 'm6', 'c6', 'case04', '3mb06I', '1cpuI08', '16ram304', '1hdd04', '7gpuMG00', '9ps07'),
('build684', 'b1', 'game', 'g4', 'h2', 'm1', 'c1', 'case06', '3mb06I', '1cpuI08', '1ram106', '1hdd05', '7gpuMG00', '9ps07'),
('build685', 'b1', 'game', 'g4', 'h2', 'm1', 'c2', 'case07', '3mb06I', '1cpuI08', '1ram106', '1hdd05', '7gpuMG00', '9ps07'),
('build686', 'b1', 'game', 'g4', 'h2', 'm1', 'c3', 'case09', '3mb06I', '1cpuI08', '1ram106', '1hdd05', '7gpuMG00', '9ps07'),
('build687', 'b1', 'game', 'g4', 'h2', 'm1', 'c4', 'case08', '3mb06I', '1cpuI08', '1ram106', '1hdd05', '7gpuMG00', '9ps07'),
('build688', 'b1', 'game', 'g4', 'h2', 'm1', 'c5', 'case03', '3mb06I', '1cpuI08', '1ram106', '1hdd05', '7gpuMG00', '9ps07'),
('build689', 'b1', 'game', 'g4', 'h2', 'm1', 'c6', 'case04', '3mb06I', '1cpuI08', '1ram106', '1hdd05', '7gpuMG00', '9ps07'),
('build690', 'b1', 'game', 'g4', 'h2', 'm2', 'c1', 'case06', '3mb06I', '1cpuI08', '4ram200', '1hdd05', '7gpuMG00', '9ps07'),
('build691', 'b1', 'game', 'g4', 'h2', 'm2', 'c2', 'case07', '3mb06I', '1cpuI08', '4ram200', '1hdd05', '7gpuMG00', '9ps07'),
('build692', 'b1', 'game', 'g4', 'h2', 'm2', 'c3', 'case09', '3mb06I', '1cpuI08', '4ram200', '1hdd05', '7gpuMG00', '9ps07'),
('build693', 'b1', 'game', 'g4', 'h2', 'm2', 'c4', 'case08', '3mb06I', '1cpuI08', '4ram200', '1hdd05', '7gpuMG00', '9ps07'),
('build694', 'b1', 'game', 'g4', 'h2', 'm2', 'c5', 'case03', '3mb06I', '1cpuI08', '4ram200', '1hdd05', '7gpuMG00', '9ps07'),
('build695', 'b1', 'game', 'g4', 'h2', 'm2', 'c6', 'case04', '3mb06I', '1cpuI08', '4ram200', '1hdd05', '7gpuMG00', '9ps07'),
('build696', 'b1', 'game', 'g4', 'h2', 'm3', 'c1', 'case06', '3mb06I', '1cpuI08', '4ram301', '1hdd05', '7gpuMG00', '9ps07'),
('build697', 'b1', 'game', 'g4', 'h2', 'm3', 'c2', 'case07', '3mb06I', '1cpuI08', '4ram301', '1hdd05', '7gpuMG00', '9ps07'),
('build698', 'b1', 'game', 'g4', 'h2', 'm3', 'c3', 'case09', '3mb06I', '1cpuI08', '4ram301', '1hdd05', '7gpuMG00', '9ps07'),
('build699', 'b1', 'game', 'g4', 'h2', 'm3', 'c4', 'case08', '3mb06I', '1cpuI08', '4ram301', '1hdd05', '7gpuMG00', '9ps07'),
('build700', 'b1', 'game', 'g4', 'h2', 'm3', 'c5', 'case03', '3mb06I', '1cpuI08', '4ram301', '1hdd05', '7gpuMG00', '9ps07'),
('build701', 'b1', 'game', 'g4', 'h2', 'm3', 'c6', 'case04', '3mb06I', '1cpuI08', '4ram301', '1hdd05', '7gpuMG00', '9ps07'),
('build702', 'b1', 'game', 'g4', 'h2', 'm4', 'c1', 'case06', '3mb06I', '1cpuI08', '8ram403', '1hdd05', '7gpuMG00', '9ps07'),
('build703', 'b1', 'game', 'g4', 'h2', 'm4', 'c2', 'case07', '3mb06I', '1cpuI08', '8ram403', '1hdd05', '7gpuMG00', '9ps07'),
('build704', 'b1', 'game', 'g4', 'h2', 'm4', 'c3', 'case09', '3mb06I', '1cpuI08', '8ram403', '1hdd05', '7gpuMG00', '9ps07'),
('build705', 'b1', 'game', 'g4', 'h2', 'm4', 'c4', 'case08', '3mb06I', '1cpuI08', '8ram403', '1hdd05', '7gpuMG00', '9ps07'),
('build706', 'b1', 'game', 'g4', 'h2', 'm4', 'c5', 'case03', '3mb06I', '1cpuI08', '8ram403', '1hdd05', '7gpuMG00', '9ps07'),
('build707', 'b1', 'game', 'g4', 'h2', 'm4', 'c6', 'case04', '3mb06I', '1cpuI08', '8ram403', '1hdd05', '7gpuMG00', '9ps07'),
('build708', 'b1', 'game', 'g4', 'h2', 'm5', 'c1', 'case06', '3mb06I', '1cpuI08', '8ram403', '1hdd05', '7gpuMG00', '9ps07'),
('build709', 'b1', 'game', 'g4', 'h2', 'm5', 'c2', 'case07', '3mb06I', '1cpuI08', '8ram403', '1hdd05', '7gpuMG00', '9ps07'),
('build710', 'b1', 'game', 'g4', 'h2', 'm5', 'c3', 'case09', '3mb06I', '1cpuI08', '8ram403', '1hdd05', '7gpuMG00', '9ps07'),
('build711', 'b1', 'game', 'g4', 'h2', 'm5', 'c4', 'case08', '3mb06I', '1cpuI08', '8ram403', '1hdd05', '7gpuMG00', '9ps07'),
('build712', 'b1', 'game', 'g4', 'h2', 'm5', 'c5', 'case03', '3mb06I', '1cpuI08', '8ram403', '1hdd05', '7gpuMG00', '9ps07'),
('build713', 'b1', 'game', 'g4', 'h2', 'm5', 'c6', 'case04', '3mb06I', '1cpuI08', '8ram403', '1hdd05', '7gpuMG00', '9ps07'),
('build714', 'b1', 'game', 'g4', 'h2', 'm6', 'c1', 'case06', '3mb06I', '1cpuI08', '16ram304', '1hdd05', '7gpuMG00', '9ps07'),
('build715', 'b1', 'game', 'g4', 'h2', 'm6', 'c2', 'case07', '3mb06I', '1cpuI08', '16ram304', '1hdd05', '7gpuMG00', '9ps07'),
('build716', 'b1', 'game', 'g4', 'h2', 'm6', 'c3', 'case09', '3mb06I', '1cpuI08', '16ram304', '1hdd05', '7gpuMG00', '9ps07'),
('build717', 'b1', 'game', 'g4', 'h2', 'm6', 'c4', 'case08', '3mb06I', '1cpuI08', '16ram304', '1hdd05', '7gpuMG00', '9ps07'),
('build718', 'b1', 'game', 'g4', 'h2', 'm6', 'c5', 'case03', '3mb06I', '1cpuI08', '16ram304', '1hdd05', '7gpuMG00', '9ps07'),
('build719', 'b1', 'game', 'g4', 'h2', 'm6', 'c6', 'case04', '3mb06I', '1cpuI08', '16ram304', '1hdd05', '7gpuMG00', '9ps07'),
('build720', 'b1', 'game', 'g4', 'h3', 'm1', 'c1', 'case06', '3mb06I', '1cpuI08', '1ram106', '3hdd01', '7gpuMG00', '9ps07'),
('build721', 'b1', 'game', 'g4', 'h3', 'm1', 'c2', 'case07', '3mb06I', '1cpuI08', '1ram106', '3hdd01', '7gpuMG00', '9ps07'),
('build722', 'b1', 'game', 'g4', 'h3', 'm1', 'c3', 'case09', '3mb06I', '1cpuI08', '1ram106', '3hdd01', '7gpuMG00', '9ps07'),
('build723', 'b1', 'game', 'g4', 'h3', 'm1', 'c4', 'case08', '3mb06I', '1cpuI08', '1ram106', '3hdd01', '7gpuMG00', '9ps07'),
('build724', 'b1', 'game', 'g4', 'h3', 'm1', 'c5', 'case03', '3mb06I', '1cpuI08', '1ram106', '3hdd01', '7gpuMG00', '9ps07'),
('build725', 'b1', 'game', 'g4', 'h3', 'm1', 'c6', 'case04', '3mb06I', '1cpuI08', '1ram106', '3hdd01', '7gpuMG00', '9ps07'),
('build726', 'b1', 'game', 'g4', 'h3', 'm2', 'c1', 'case06', '3mb06I', '1cpuI08', '4ram200', '3hdd01', '7gpuMG00', '9ps07'),
('build727', 'b1', 'game', 'g4', 'h3', 'm2', 'c2', 'case07', '3mb06I', '1cpuI08', '4ram200', '3hdd01', '7gpuMG00', '9ps07'),
('build728', 'b1', 'game', 'g4', 'h3', 'm2', 'c3', 'case09', '3mb06I', '1cpuI08', '4ram200', '3hdd01', '7gpuMG00', '9ps07'),
('build729', 'b1', 'game', 'g4', 'h3', 'm2', 'c4', 'case08', '3mb06I', '1cpuI08', '4ram200', '3hdd01', '7gpuMG00', '9ps07'),
('build730', 'b1', 'game', 'g4', 'h3', 'm2', 'c5', 'case03', '3mb06I', '1cpuI08', '4ram200', '3hdd01', '7gpuMG00', '9ps07'),
('build731', 'b1', 'game', 'g4', 'h3', 'm2', 'c6', 'case04', '3mb06I', '1cpuI08', '4ram200', '3hdd01', '7gpuMG00', '9ps07'),
('build732', 'b1', 'game', 'g4', 'h3', 'm3', 'c1', 'case06', '3mb06I', '1cpuI08', '4ram301', '3hdd01', '7gpuMG00', '9ps07'),
('build733', 'b1', 'game', 'g4', 'h3', 'm3', 'c2', 'case07', '3mb06I', '1cpuI08', '4ram301', '3hdd01', '7gpuMG00', '9ps07'),
('build734', 'b1', 'game', 'g4', 'h3', 'm3', 'c3', 'case09', '3mb06I', '1cpuI08', '4ram301', '3hdd01', '7gpuMG00', '9ps07'),
('build735', 'b1', 'game', 'g4', 'h3', 'm3', 'c4', 'case08', '3mb06I', '1cpuI08', '4ram301', '3hdd01', '7gpuMG00', '9ps07'),
('build736', 'b1', 'game', 'g4', 'h3', 'm3', 'c5', 'case03', '3mb06I', '1cpuI08', '4ram301', '3hdd01', '7gpuMG00', '9ps07'),
('build737', 'b1', 'game', 'g4', 'h3', 'm3', 'c6', 'case04', '3mb06I', '1cpuI08', '4ram301', '3hdd01', '7gpuMG00', '9ps07'),
('build738', 'b1', 'game', 'g4', 'h3', 'm4', 'c1', 'case06', '3mb06I', '1cpuI08', '8ram403', '3hdd01', '7gpuMG00', '9ps07'),
('build739', 'b1', 'game', 'g4', 'h3', 'm4', 'c2', 'case07', '3mb06I', '1cpuI08', '8ram403', '3hdd01', '7gpuMG00', '9ps07'),
('build740', 'b1', 'game', 'g4', 'h3', 'm4', 'c3', 'case09', '3mb06I', '1cpuI08', '8ram403', '3hdd01', '7gpuMG00', '9ps07'),
('build741', 'b1', 'game', 'g4', 'h3', 'm4', 'c4', 'case08', '3mb06I', '1cpuI08', '8ram403', '3hdd01', '7gpuMG00', '9ps07'),
('build742', 'b1', 'game', 'g4', 'h3', 'm4', 'c5', 'case03', '3mb06I', '1cpuI08', '8ram403', '3hdd01', '7gpuMG00', '9ps07'),
('build743', 'b1', 'game', 'g4', 'h3', 'm4', 'c6', 'case04', '3mb06I', '1cpuI08', '8ram403', '3hdd01', '7gpuMG00', '9ps07'),
('build744', 'b1', 'game', 'g4', 'h3', 'm5', 'c1', 'case06', '3mb06I', '1cpuI08', '8ram403', '3hdd01', '7gpuMG00', '9ps07'),
('build745', 'b1', 'game', 'g4', 'h3', 'm5', 'c2', 'case07', '3mb06I', '1cpuI08', '8ram403', '3hdd01', '7gpuMG00', '9ps07'),
('build746', 'b1', 'game', 'g4', 'h3', 'm5', 'c3', 'case09', '3mb06I', '1cpuI08', '8ram403', '3hdd01', '7gpuMG00', '9ps07'),
('build747', 'b1', 'game', 'g4', 'h3', 'm5', 'c4', 'case08', '3mb06I', '1cpuI08', '8ram403', '3hdd01', '7gpuMG00', '9ps07'),
('build748', 'b1', 'game', 'g4', 'h3', 'm5', 'c5', 'case03', '3mb06I', '1cpuI08', '8ram403', '3hdd01', '7gpuMG00', '9ps07'),
('build749', 'b1', 'game', 'g4', 'h3', 'm5', 'c6', 'case04', '3mb06I', '1cpuI08', '8ram403', '3hdd01', '7gpuMG00', '9ps07'),
('build750', 'b1', 'game', 'g4', 'h3', 'm6', 'c1', 'case06', '3mb06I', '1cpuI08', '16ram304', '3hdd01', '7gpuMG00', '9ps07'),
('build751', 'b1', 'game', 'g4', 'h3', 'm6', 'c2', 'case07', '3mb06I', '1cpuI08', '16ram304', '3hdd01', '7gpuMG00', '9ps07'),
('build752', 'b1', 'game', 'g4', 'h3', 'm6', 'c3', 'case09', '3mb06I', '1cpuI08', '16ram304', '3hdd01', '7gpuMG00', '9ps07'),
('build753', 'b1', 'game', 'g4', 'h3', 'm6', 'c4', 'case08', '3mb06I', '1cpuI08', '16ram304', '3hdd01', '7gpuMG00', '9ps07'),
('build754', 'b1', 'game', 'g4', 'h3', 'm6', 'c5', 'case03', '3mb06I', '1cpuI08', '16ram304', '3hdd01', '7gpuMG00', '9ps07'),
('build755', 'b1', 'game', 'g4', 'h3', 'm6', 'c6', 'case04', '3mb06I', '1cpuI08', '16ram304', '3hdd01', '7gpuMG00', '9ps07'),
('build756', 'b1', 'game', 'g4', 'h4', 'm1', 'c1', 'case06', '3mb06I', '1cpuI08', '1ram106', '3hdd02', '7gpuMG00', '9ps07'),
('build757', 'b1', 'game', 'g4', 'h4', 'm1', 'c2', 'case07', '3mb06I', '1cpuI08', '1ram106', '3hdd02', '7gpuMG00', '9ps07'),
('build758', 'b1', 'game', 'g4', 'h4', 'm1', 'c3', 'case09', '3mb06I', '1cpuI08', '1ram106', '3hdd02', '7gpuMG00', '9ps07'),
('build759', 'b1', 'game', 'g4', 'h4', 'm1', 'c4', 'case08', '3mb06I', '1cpuI08', '1ram106', '3hdd02', '7gpuMG00', '9ps07'),
('build760', 'b1', 'game', 'g4', 'h4', 'm1', 'c5', 'case03', '3mb06I', '1cpuI08', '1ram106', '3hdd02', '7gpuMG00', '9ps07'),
('build761', 'b1', 'game', 'g4', 'h4', 'm1', 'c6', 'case04', '3mb06I', '1cpuI08', '1ram106', '3hdd02', '7gpuMG00', '9ps07'),
('build762', 'b1', 'game', 'g4', 'h4', 'm2', 'c1', 'case06', '3mb06I', '1cpuI08', '4ram200', '3hdd02', '7gpuMG00', '9ps07'),
('build763', 'b1', 'game', 'g4', 'h4', 'm2', 'c2', 'case07', '3mb06I', '1cpuI08', '4ram200', '3hdd02', '7gpuMG00', '9ps07'),
('build764', 'b1', 'game', 'g4', 'h4', 'm2', 'c3', 'case09', '3mb06I', '1cpuI08', '4ram200', '3hdd02', '7gpuMG00', '9ps07'),
('build765', 'b1', 'game', 'g4', 'h4', 'm2', 'c4', 'case08', '3mb06I', '1cpuI08', '4ram200', '3hdd02', '7gpuMG00', '9ps07'),
('build766', 'b1', 'game', 'g4', 'h4', 'm2', 'c5', 'case03', '3mb06I', '1cpuI08', '4ram200', '3hdd02', '7gpuMG00', '9ps07'),
('build767', 'b1', 'game', 'g4', 'h4', 'm2', 'c6', 'case04', '3mb06I', '1cpuI08', '4ram200', '3hdd02', '7gpuMG00', '9ps07'),
('build768', 'b1', 'game', 'g4', 'h4', 'm3', 'c1', 'case06', '3mb06I', '1cpuI08', '4ram301', '3hdd02', '7gpuMG00', '9ps07'),
('build769', 'b1', 'game', 'g4', 'h4', 'm3', 'c2', 'case07', '3mb06I', '1cpuI08', '4ram301', '3hdd02', '7gpuMG00', '9ps07'),
('build770', 'b1', 'game', 'g4', 'h4', 'm3', 'c3', 'case09', '3mb06I', '1cpuI08', '4ram301', '3hdd02', '7gpuMG00', '9ps07'),
('build771', 'b1', 'game', 'g4', 'h4', 'm3', 'c4', 'case08', '3mb06I', '1cpuI08', '4ram301', '3hdd02', '7gpuMG00', '9ps07'),
('build772', 'b1', 'game', 'g4', 'h4', 'm3', 'c5', 'case03', '3mb06I', '1cpuI08', '4ram301', '3hdd02', '7gpuMG00', '9ps07'),
('build773', 'b1', 'game', 'g4', 'h4', 'm3', 'c6', 'case04', '3mb06I', '1cpuI08', '4ram301', '3hdd02', '7gpuMG00', '9ps07'),
('build774', 'b1', 'game', 'g4', 'h4', 'm4', 'c1', 'case06', '3mb06I', '1cpuI08', '8ram403', '3hdd02', '7gpuMG00', '9ps07'),
('build775', 'b1', 'game', 'g4', 'h4', 'm4', 'c2', 'case07', '3mb06I', '1cpuI08', '8ram403', '3hdd02', '7gpuMG00', '9ps07'),
('build776', 'b1', 'game', 'g4', 'h4', 'm4', 'c3', 'case09', '3mb06I', '1cpuI08', '8ram403', '3hdd02', '7gpuMG00', '9ps07'),
('build777', 'b1', 'game', 'g4', 'h4', 'm4', 'c4', 'case08', '3mb06I', '1cpuI08', '8ram403', '3hdd02', '7gpuMG00', '9ps07'),
('build778', 'b1', 'game', 'g4', 'h4', 'm4', 'c5', 'case03', '3mb06I', '1cpuI08', '8ram403', '3hdd02', '7gpuMG00', '9ps07'),
('build779', 'b1', 'game', 'g4', 'h4', 'm4', 'c6', 'case04', '3mb06I', '1cpuI08', '8ram403', '3hdd02', '7gpuMG00', '9ps07'),
('build780', 'b1', 'game', 'g4', 'h4', 'm5', 'c1', 'case06', '3mb06I', '1cpuI08', '8ram403', '3hdd02', '7gpuMG00', '9ps07'),
('build781', 'b1', 'game', 'g4', 'h4', 'm5', 'c2', 'case07', '3mb06I', '1cpuI08', '8ram403', '3hdd02', '7gpuMG00', '9ps07'),
('build782', 'b1', 'game', 'g4', 'h4', 'm5', 'c3', 'case09', '3mb06I', '1cpuI08', '8ram403', '3hdd02', '7gpuMG00', '9ps07'),
('build783', 'b1', 'game', 'g4', 'h4', 'm5', 'c4', 'case08', '3mb06I', '1cpuI08', '8ram403', '3hdd02', '7gpuMG00', '9ps07'),
('build784', 'b1', 'game', 'g4', 'h4', 'm5', 'c5', 'case03', '3mb06I', '1cpuI08', '8ram403', '3hdd02', '7gpuMG00', '9ps07'),
('build785', 'b1', 'game', 'g4', 'h4', 'm5', 'c6', 'case04', '3mb06I', '1cpuI08', '8ram403', '3hdd02', '7gpuMG00', '9ps07'),
('build786', 'b1', 'game', 'g4', 'h4', 'm6', 'c1', 'case06', '3mb06I', '1cpuI08', '16ram304', '3hdd02', '7gpuMG00', '9ps07'),
('build787', 'b1', 'game', 'g4', 'h4', 'm6', 'c2', 'case07', '3mb06I', '1cpuI08', '16ram304', '3hdd02', '7gpuMG00', '9ps07'),
('build788', 'b1', 'game', 'g4', 'h4', 'm6', 'c3', 'case09', '3mb06I', '1cpuI08', '16ram304', '3hdd02', '7gpuMG00', '9ps07'),
('build789', 'b1', 'game', 'g4', 'h4', 'm6', 'c4', 'case08', '3mb06I', '1cpuI08', '16ram304', '3hdd02', '7gpuMG00', '9ps07'),
('build790', 'b1', 'game', 'g4', 'h4', 'm6', 'c5', 'case03', '3mb06I', '1cpuI08', '16ram304', '3hdd02', '7gpuMG00', '9ps07'),
('build791', 'b1', 'game', 'g4', 'h4', 'm6', 'c6', 'case04', '3mb06I', '1cpuI08', '16ram304', '3hdd02', '7gpuMG00', '9ps07'),
('build792', 'b1', 'game', 'g4', 'h5', 'm1', 'c1', 'case06', '3mb06I', '1cpuI08', '1ram106', '6hdd00', '7gpuMG00', '9ps07'),
('build793', 'b1', 'game', 'g4', 'h5', 'm1', 'c2', 'case07', '3mb06I', '1cpuI08', '1ram106', '6hdd00', '7gpuMG00', '9ps07'),
('build794', 'b1', 'game', 'g4', 'h5', 'm1', 'c3', 'case09', '3mb06I', '1cpuI08', '1ram106', '6hdd00', '7gpuMG00', '9ps07'),
('build795', 'b1', 'game', 'g4', 'h5', 'm1', 'c4', 'case08', '3mb06I', '1cpuI08', '1ram106', '6hdd00', '7gpuMG00', '9ps07'),
('build796', 'b1', 'game', 'g4', 'h5', 'm1', 'c5', 'case03', '3mb06I', '1cpuI08', '1ram106', '6hdd00', '7gpuMG00', '9ps07'),
('build797', 'b1', 'game', 'g4', 'h5', 'm1', 'c6', 'case04', '3mb06I', '1cpuI08', '1ram106', '6hdd00', '7gpuMG00', '9ps07'),
('build798', 'b1', 'game', 'g4', 'h5', 'm2', 'c1', 'case06', '3mb06I', '1cpuI08', '4ram200', '6hdd00', '7gpuMG00', '9ps07'),
('build799', 'b1', 'game', 'g4', 'h5', 'm2', 'c2', 'case07', '3mb06I', '1cpuI08', '4ram200', '6hdd00', '7gpuMG00', '9ps07'),
('build800', 'b1', 'game', 'g4', 'h5', 'm2', 'c3', 'case09', '3mb06I', '1cpuI08', '4ram200', '6hdd00', '7gpuMG00', '9ps07'),
('build801', 'b1', 'game', 'g4', 'h5', 'm2', 'c4', 'case08', '3mb06I', '1cpuI08', '4ram200', '6hdd00', '7gpuMG00', '9ps07'),
('build802', 'b1', 'game', 'g4', 'h5', 'm2', 'c5', 'case03', '3mb06I', '1cpuI08', '4ram200', '6hdd00', '7gpuMG00', '9ps07'),
('build803', 'b1', 'game', 'g4', 'h5', 'm2', 'c6', 'case04', '3mb06I', '1cpuI08', '4ram200', '6hdd00', '7gpuMG00', '9ps07'),
('build804', 'b1', 'game', 'g4', 'h5', 'm3', 'c1', 'case06', '3mb06I', '1cpuI08', '4ram301', '6hdd00', '7gpuMG00', '9ps07'),
('build805', 'b1', 'game', 'g4', 'h5', 'm3', 'c2', 'case07', '3mb06I', '1cpuI08', '4ram301', '6hdd00', '7gpuMG00', '9ps07'),
('build806', 'b1', 'game', 'g4', 'h5', 'm3', 'c3', 'case09', '3mb06I', '1cpuI08', '4ram301', '6hdd00', '7gpuMG00', '9ps07'),
('build807', 'b1', 'game', 'g4', 'h5', 'm3', 'c4', 'case08', '3mb06I', '1cpuI08', '4ram301', '6hdd00', '7gpuMG00', '9ps07'),
('build808', 'b1', 'game', 'g4', 'h5', 'm3', 'c5', 'case03', '3mb06I', '1cpuI08', '4ram301', '6hdd00', '7gpuMG00', '9ps07'),
('build809', 'b1', 'game', 'g4', 'h5', 'm3', 'c6', 'case04', '3mb06I', '1cpuI08', '4ram301', '6hdd00', '7gpuMG00', '9ps07'),
('build810', 'b1', 'game', 'g4', 'h5', 'm4', 'c1', 'case06', '3mb06I', '1cpuI08', '8ram403', '6hdd00', '7gpuMG00', '9ps07'),
('build811', 'b1', 'game', 'g4', 'h5', 'm4', 'c2', 'case07', '3mb06I', '1cpuI08', '8ram403', '6hdd00', '7gpuMG00', '9ps07'),
('build812', 'b1', 'game', 'g4', 'h5', 'm4', 'c3', 'case09', '3mb06I', '1cpuI08', '8ram403', '6hdd00', '7gpuMG00', '9ps07'),
('build813', 'b1', 'game', 'g4', 'h5', 'm4', 'c4', 'case08', '3mb06I', '1cpuI08', '8ram403', '6hdd00', '7gpuMG00', '9ps07'),
('build814', 'b1', 'game', 'g4', 'h5', 'm4', 'c5', 'case03', '3mb06I', '1cpuI08', '8ram403', '6hdd00', '7gpuMG00', '9ps07'),
('build815', 'b1', 'game', 'g4', 'h5', 'm4', 'c6', 'case04', '3mb06I', '1cpuI08', '8ram403', '6hdd00', '7gpuMG00', '9ps07'),
('build816', 'b1', 'game', 'g4', 'h5', 'm5', 'c1', 'case06', '3mb06I', '1cpuI08', '8ram403', '6hdd00', '7gpuMG00', '9ps07'),
('build817', 'b1', 'game', 'g4', 'h5', 'm5', 'c2', 'case07', '3mb06I', '1cpuI08', '8ram403', '6hdd00', '7gpuMG00', '9ps07'),
('build818', 'b1', 'game', 'g4', 'h5', 'm5', 'c3', 'case09', '3mb06I', '1cpuI08', '8ram403', '6hdd00', '7gpuMG00', '9ps07'),
('build819', 'b1', 'game', 'g4', 'h5', 'm5', 'c4', 'case08', '3mb06I', '1cpuI08', '8ram403', '6hdd00', '7gpuMG00', '9ps07'),
('build820', 'b1', 'game', 'g4', 'h5', 'm5', 'c5', 'case03', '3mb06I', '1cpuI08', '8ram403', '6hdd00', '7gpuMG00', '9ps07'),
('build821', 'b1', 'game', 'g4', 'h5', 'm5', 'c6', 'case04', '3mb06I', '1cpuI08', '8ram403', '6hdd00', '7gpuMG00', '9ps07'),
('build822', 'b1', 'game', 'g4', 'h5', 'm6', 'c1', 'case06', '3mb06I', '1cpuI08', '16ram304', '6hdd00', '7gpuMG00', '9ps07'),
('build823', 'b1', 'game', 'g4', 'h5', 'm6', 'c2', 'case07', '3mb06I', '1cpuI08', '16ram304', '6hdd00', '7gpuMG00', '9ps07'),
('build824', 'b1', 'game', 'g4', 'h5', 'm6', 'c3', 'case09', '3mb06I', '1cpuI08', '16ram304', '6hdd00', '7gpuMG00', '9ps07'),
('build825', 'b1', 'game', 'g4', 'h5', 'm6', 'c4', 'case08', '3mb06I', '1cpuI08', '16ram304', '6hdd00', '7gpuMG00', '9ps07'),
('build826', 'b1', 'game', 'g4', 'h5', 'm6', 'c5', 'case03', '3mb06I', '1cpuI08', '16ram304', '6hdd00', '7gpuMG00', '9ps07'),
('build827', 'b1', 'game', 'g4', 'h5', 'm6', 'c6', 'case04', '3mb06I', '1cpuI08', '16ram304', '6hdd00', '7gpuMG00', '9ps07'),
('build828', 'b1', 'game', 'g4', 'h6', 'm1', 'c1', 'case06', '3mb06I', '1cpuI08', '1ram106', '6hdd00', '7gpuMG00', '9ps07'),
('build829', 'b1', 'game', 'g4', 'h6', 'm1', 'c2', 'case07', '3mb06I', '1cpuI08', '1ram106', '6hdd00', '7gpuMG00', '9ps07'),
('build830', 'b1', 'game', 'g4', 'h6', 'm1', 'c3', 'case09', '3mb06I', '1cpuI08', '1ram106', '6hdd00', '7gpuMG00', '9ps07'),
('build831', 'b1', 'game', 'g4', 'h6', 'm1', 'c4', 'case08', '3mb06I', '1cpuI08', '1ram106', '6hdd00', '7gpuMG00', '9ps07'),
('build832', 'b1', 'game', 'g4', 'h6', 'm1', 'c5', 'case03', '3mb06I', '1cpuI08', '1ram106', '6hdd00', '7gpuMG00', '9ps07'),
('build833', 'b1', 'game', 'g4', 'h6', 'm1', 'c6', 'case04', '3mb06I', '1cpuI08', '1ram106', '6hdd00', '7gpuMG00', '9ps07'),
('build834', 'b1', 'game', 'g4', 'h6', 'm2', 'c1', 'case06', '3mb06I', '1cpuI08', '4ram200', '6hdd00', '7gpuMG00', '9ps07'),
('build835', 'b1', 'game', 'g4', 'h6', 'm2', 'c2', 'case07', '3mb06I', '1cpuI08', '4ram200', '6hdd00', '7gpuMG00', '9ps07'),
('build836', 'b1', 'game', 'g4', 'h6', 'm2', 'c3', 'case09', '3mb06I', '1cpuI08', '4ram200', '6hdd00', '7gpuMG00', '9ps07'),
('build837', 'b1', 'game', 'g4', 'h6', 'm2', 'c4', 'case08', '3mb06I', '1cpuI08', '4ram200', '6hdd00', '7gpuMG00', '9ps07'),
('build838', 'b1', 'game', 'g4', 'h6', 'm2', 'c5', 'case03', '3mb06I', '1cpuI08', '4ram200', '6hdd00', '7gpuMG00', '9ps07'),
('build839', 'b1', 'game', 'g4', 'h6', 'm2', 'c6', 'case04', '3mb06I', '1cpuI08', '4ram200', '6hdd00', '7gpuMG00', '9ps07'),
('build840', 'b1', 'game', 'g4', 'h6', 'm3', 'c1', 'case06', '3mb06I', '1cpuI08', '4ram301', '6hdd00', '7gpuMG00', '9ps07'),
('build841', 'b1', 'game', 'g4', 'h6', 'm3', 'c2', 'case07', '3mb06I', '1cpuI08', '4ram301', '6hdd00', '7gpuMG00', '9ps07'),
('build842', 'b1', 'game', 'g4', 'h6', 'm3', 'c3', 'case09', '3mb06I', '1cpuI08', '4ram301', '6hdd00', '7gpuMG00', '9ps07'),
('build843', 'b1', 'game', 'g4', 'h6', 'm3', 'c4', 'case08', '3mb06I', '1cpuI08', '4ram301', '6hdd00', '7gpuMG00', '9ps07'),
('build844', 'b1', 'game', 'g4', 'h6', 'm3', 'c5', 'case03', '3mb06I', '1cpuI08', '4ram301', '6hdd00', '7gpuMG00', '9ps07'),
('build845', 'b1', 'game', 'g4', 'h6', 'm3', 'c6', 'case04', '3mb06I', '1cpuI08', '4ram301', '6hdd00', '7gpuMG00', '9ps07'),
('build846', 'b1', 'game', 'g4', 'h6', 'm4', 'c1', 'case06', '3mb06I', '1cpuI08', '8ram403', '6hdd00', '7gpuMG00', '9ps07'),
('build847', 'b1', 'game', 'g4', 'h6', 'm4', 'c2', 'case07', '3mb06I', '1cpuI08', '8ram403', '6hdd00', '7gpuMG00', '9ps07'),
('build848', 'b1', 'game', 'g4', 'h6', 'm4', 'c3', 'case09', '3mb06I', '1cpuI08', '8ram403', '6hdd00', '7gpuMG00', '9ps07'),
('build849', 'b1', 'game', 'g4', 'h6', 'm4', 'c4', 'case08', '3mb06I', '1cpuI08', '8ram403', '6hdd00', '7gpuMG00', '9ps07'),
('build850', 'b1', 'game', 'g4', 'h6', 'm4', 'c5', 'case03', '3mb06I', '1cpuI08', '8ram403', '6hdd00', '7gpuMG00', '9ps07'),
('build851', 'b1', 'game', 'g4', 'h6', 'm4', 'c6', 'case04', '3mb06I', '1cpuI08', '8ram403', '6hdd00', '7gpuMG00', '9ps07'),
('build852', 'b1', 'game', 'g4', 'h6', 'm5', 'c1', 'case06', '3mb06I', '1cpuI08', '8ram403', '6hdd00', '7gpuMG00', '9ps07'),
('build853', 'b1', 'game', 'g4', 'h6', 'm5', 'c2', 'case07', '3mb06I', '1cpuI08', '8ram403', '6hdd00', '7gpuMG00', '9ps07'),
('build854', 'b1', 'game', 'g4', 'h6', 'm5', 'c3', 'case09', '3mb06I', '1cpuI08', '8ram403', '6hdd00', '7gpuMG00', '9ps07'),
('build855', 'b1', 'game', 'g4', 'h6', 'm5', 'c4', 'case08', '3mb06I', '1cpuI08', '8ram403', '6hdd00', '7gpuMG00', '9ps07'),
('build856', 'b1', 'game', 'g4', 'h6', 'm5', 'c5', 'case03', '3mb06I', '1cpuI08', '8ram403', '6hdd00', '7gpuMG00', '9ps07'),
('build857', 'b1', 'game', 'g4', 'h6', 'm5', 'c6', 'case04', '3mb06I', '1cpuI08', '8ram403', '6hdd00', '7gpuMG00', '9ps07'),
('build858', 'b1', 'game', 'g4', 'h6', 'm6', 'c1', 'case06', '3mb06I', '1cpuI08', '16ram304', '6hdd00', '7gpuMG00', '9ps07'),
('build859', 'b1', 'game', 'g4', 'h6', 'm6', 'c2', 'case07', '3mb06I', '1cpuI08', '16ram304', '6hdd00', '7gpuMG00', '9ps07'),
('build860', 'b1', 'game', 'g4', 'h6', 'm6', 'c3', 'case09', '3mb06I', '1cpuI08', '16ram304', '6hdd00', '7gpuMG00', '9ps07'),
('build861', 'b1', 'game', 'g4', 'h6', 'm6', 'c4', 'case08', '3mb06I', '1cpuI08', '16ram304', '6hdd00', '7gpuMG00', '9ps07'),
('build862', 'b1', 'game', 'g4', 'h6', 'm6', 'c5', 'case03', '3mb06I', '1cpuI08', '16ram304', '6hdd00', '7gpuMG00', '9ps07'),
('build863', 'b1', 'game', 'g4', 'h6', 'm6', 'c6', 'case04', '3mb06I', '1cpuI08', '16ram304', '6hdd00', '7gpuMG00', '9ps07'),
('build864', 'b1', 'game', 'g5', 'h1', 'm1', 'c1', 'case06', '3mb06I', '1cpuI08', '1ram106', '1hdd04', '7gpuXR08', '9ps07'),
('build865', 'b1', 'game', 'g5', 'h1', 'm1', 'c2', 'case07', '3mb06I', '1cpuI08', '1ram106', '1hdd04', '7gpuXR08', '9ps07'),
('build866', 'b1', 'game', 'g5', 'h1', 'm1', 'c3', 'case09', '3mb06I', '1cpuI08', '1ram106', '1hdd04', '7gpuXR08', '9ps07'),
('build867', 'b1', 'game', 'g5', 'h1', 'm1', 'c4', 'case08', '3mb06I', '1cpuI08', '1ram106', '1hdd04', '7gpuXR08', '9ps07'),
('build868', 'b1', 'game', 'g5', 'h1', 'm1', 'c5', 'case03', '3mb06I', '1cpuI08', '1ram106', '1hdd04', '7gpuXR08', '9ps07'),
('build869', 'b1', 'game', 'g5', 'h1', 'm1', 'c6', 'case04', '3mb06I', '1cpuI08', '1ram106', '1hdd04', '7gpuXR08', '9ps07'),
('build870', 'b1', 'game', 'g5', 'h1', 'm2', 'c1', 'case06', '3mb06I', '1cpuI08', '4ram200', '1hdd04', '7gpuXR08', '9ps07'),
('build871', 'b1', 'game', 'g5', 'h1', 'm2', 'c2', 'case07', '3mb06I', '1cpuI08', '4ram200', '1hdd04', '7gpuXR08', '9ps07'),
('build872', 'b1', 'game', 'g5', 'h1', 'm2', 'c3', 'case09', '3mb06I', '1cpuI08', '4ram200', '1hdd04', '7gpuXR08', '9ps07'),
('build873', 'b1', 'game', 'g5', 'h1', 'm2', 'c4', 'case08', '3mb06I', '1cpuI08', '4ram200', '1hdd04', '7gpuXR08', '9ps07'),
('build874', 'b1', 'game', 'g5', 'h1', 'm2', 'c5', 'case03', '3mb06I', '1cpuI08', '4ram200', '1hdd04', '7gpuXR08', '9ps07'),
('build875', 'b1', 'game', 'g5', 'h1', 'm2', 'c6', 'case04', '3mb06I', '1cpuI08', '4ram200', '1hdd04', '7gpuXR08', '9ps07'),
('build876', 'b1', 'game', 'g5', 'h1', 'm3', 'c1', 'case06', '3mb06I', '1cpuI08', '4ram301', '1hdd04', '7gpuXR08', '9ps07'),
('build877', 'b1', 'game', 'g5', 'h1', 'm3', 'c2', 'case07', '3mb06I', '1cpuI08', '4ram301', '1hdd04', '7gpuXR08', '9ps07'),
('build878', 'b1', 'game', 'g5', 'h1', 'm3', 'c3', 'case09', '3mb06I', '1cpuI08', '4ram301', '1hdd04', '7gpuXR08', '9ps07'),
('build879', 'b1', 'game', 'g5', 'h1', 'm3', 'c4', 'case08', '3mb06I', '1cpuI08', '4ram301', '1hdd04', '7gpuXR08', '9ps07'),
('build880', 'b1', 'game', 'g5', 'h1', 'm3', 'c5', 'case03', '3mb06I', '1cpuI08', '4ram301', '1hdd04', '7gpuXR08', '9ps07'),
('build881', 'b1', 'game', 'g5', 'h1', 'm3', 'c6', 'case04', '3mb06I', '1cpuI08', '4ram301', '1hdd04', '7gpuXR08', '9ps07'),
('build882', 'b1', 'game', 'g5', 'h1', 'm4', 'c1', 'case06', '3mb06I', '1cpuI08', '8ram403', '1hdd04', '7gpuXR08', '9ps07'),
('build883', 'b1', 'game', 'g5', 'h1', 'm4', 'c2', 'case07', '3mb06I', '1cpuI08', '8ram403', '1hdd04', '7gpuXR08', '9ps07'),
('build884', 'b1', 'game', 'g5', 'h1', 'm4', 'c3', 'case09', '3mb06I', '1cpuI08', '8ram403', '1hdd04', '7gpuXR08', '9ps07'),
('build885', 'b1', 'game', 'g5', 'h1', 'm4', 'c4', 'case08', '3mb06I', '1cpuI08', '8ram403', '1hdd04', '7gpuXR08', '9ps07'),
('build886', 'b1', 'game', 'g5', 'h1', 'm4', 'c5', 'case03', '3mb06I', '1cpuI08', '8ram403', '1hdd04', '7gpuXR08', '9ps07'),
('build887', 'b1', 'game', 'g5', 'h1', 'm4', 'c6', 'case04', '3mb06I', '1cpuI08', '8ram403', '1hdd04', '7gpuXR08', '9ps07'),
('build888', 'b1', 'game', 'g5', 'h1', 'm5', 'c1', 'case06', '3mb06I', '1cpuI08', '8ram403', '1hdd04', '7gpuXR08', '9ps07'),
('build889', 'b1', 'game', 'g5', 'h1', 'm5', 'c2', 'case07', '3mb06I', '1cpuI08', '8ram403', '1hdd04', '7gpuXR08', '9ps07'),
('build890', 'b1', 'game', 'g5', 'h1', 'm5', 'c3', 'case09', '3mb06I', '1cpuI08', '8ram403', '1hdd04', '7gpuXR08', '9ps07'),
('build891', 'b1', 'game', 'g5', 'h1', 'm5', 'c4', 'case08', '3mb06I', '1cpuI08', '8ram403', '1hdd04', '7gpuXR08', '9ps07'),
('build892', 'b1', 'game', 'g5', 'h1', 'm5', 'c5', 'case03', '3mb06I', '1cpuI08', '8ram403', '1hdd04', '7gpuXR08', '9ps07'),
('build893', 'b1', 'game', 'g5', 'h1', 'm5', 'c6', 'case04', '3mb06I', '1cpuI08', '8ram403', '1hdd04', '7gpuXR08', '9ps07'),
('build894', 'b1', 'game', 'g5', 'h1', 'm6', 'c1', 'case06', '3mb06I', '1cpuI08', '16ram304', '1hdd04', '7gpuXR08', '9ps07'),
('build895', 'b1', 'game', 'g5', 'h1', 'm6', 'c2', 'case07', '3mb06I', '1cpuI08', '16ram304', '1hdd04', '7gpuXR08', '9ps07'),
('build896', 'b1', 'game', 'g5', 'h1', 'm6', 'c3', 'case09', '3mb06I', '1cpuI08', '16ram304', '1hdd04', '7gpuXR08', '9ps07'),
('build897', 'b1', 'game', 'g5', 'h1', 'm6', 'c4', 'case08', '3mb06I', '1cpuI08', '16ram304', '1hdd04', '7gpuXR08', '9ps07'),
('build898', 'b1', 'game', 'g5', 'h1', 'm6', 'c5', 'case03', '3mb06I', '1cpuI08', '16ram304', '1hdd04', '7gpuXR08', '9ps07'),
('build899', 'b1', 'game', 'g5', 'h1', 'm6', 'c6', 'case04', '3mb06I', '1cpuI08', '16ram304', '1hdd04', '7gpuXR08', '9ps07'),
('build900', 'b1', 'game', 'g5', 'h2', 'm1', 'c1', 'case06', '3mb06I', '1cpuI08', '1ram106', '1hdd05', '7gpuXR08', '9ps07'),
('build901', 'b1', 'game', 'g5', 'h2', 'm1', 'c2', 'case07', '3mb06I', '1cpuI08', '1ram106', '1hdd05', '7gpuXR08', '9ps07'),
('build902', 'b1', 'game', 'g5', 'h2', 'm1', 'c3', 'case09', '3mb06I', '1cpuI08', '1ram106', '1hdd05', '7gpuXR08', '9ps07'),
('build903', 'b1', 'game', 'g5', 'h2', 'm1', 'c4', 'case08', '3mb06I', '1cpuI08', '1ram106', '1hdd05', '7gpuXR08', '9ps07'),
('build904', 'b1', 'game', 'g5', 'h2', 'm1', 'c5', 'case03', '3mb06I', '1cpuI08', '1ram106', '1hdd05', '7gpuXR08', '9ps07'),
('build905', 'b1', 'game', 'g5', 'h2', 'm1', 'c6', 'case04', '3mb06I', '1cpuI08', '1ram106', '1hdd05', '7gpuXR08', '9ps07'),
('build906', 'b1', 'game', 'g5', 'h2', 'm2', 'c1', 'case06', '3mb06I', '1cpuI08', '4ram200', '1hdd05', '7gpuXR08', '9ps07'),
('build907', 'b1', 'game', 'g5', 'h2', 'm2', 'c2', 'case07', '3mb06I', '1cpuI08', '4ram200', '1hdd05', '7gpuXR08', '9ps07'),
('build908', 'b1', 'game', 'g5', 'h2', 'm2', 'c3', 'case09', '3mb06I', '1cpuI08', '4ram200', '1hdd05', '7gpuXR08', '9ps07'),
('build909', 'b1', 'game', 'g5', 'h2', 'm2', 'c4', 'case08', '3mb06I', '1cpuI08', '4ram200', '1hdd05', '7gpuXR08', '9ps07'),
('build910', 'b1', 'game', 'g5', 'h2', 'm2', 'c5', 'case03', '3mb06I', '1cpuI08', '4ram200', '1hdd05', '7gpuXR08', '9ps07'),
('build911', 'b1', 'game', 'g5', 'h2', 'm2', 'c6', 'case04', '3mb06I', '1cpuI08', '4ram200', '1hdd05', '7gpuXR08', '9ps07'),
('build912', 'b1', 'game', 'g5', 'h2', 'm3', 'c1', 'case06', '3mb06I', '1cpuI08', '4ram301', '1hdd05', '7gpuXR08', '9ps07'),
('build913', 'b1', 'game', 'g5', 'h2', 'm3', 'c2', 'case07', '3mb06I', '1cpuI08', '4ram301', '1hdd05', '7gpuXR08', '9ps07'),
('build914', 'b1', 'game', 'g5', 'h2', 'm3', 'c3', 'case09', '3mb06I', '1cpuI08', '4ram301', '1hdd05', '7gpuXR08', '9ps07'),
('build915', 'b1', 'game', 'g5', 'h2', 'm3', 'c4', 'case08', '3mb06I', '1cpuI08', '4ram301', '1hdd05', '7gpuXR08', '9ps07'),
('build916', 'b1', 'game', 'g5', 'h2', 'm3', 'c5', 'case03', '3mb06I', '1cpuI08', '4ram301', '1hdd05', '7gpuXR08', '9ps07'),
('build917', 'b1', 'game', 'g5', 'h2', 'm3', 'c6', 'case04', '3mb06I', '1cpuI08', '4ram301', '1hdd05', '7gpuXR08', '9ps07'),
('build918', 'b1', 'game', 'g5', 'h2', 'm4', 'c1', 'case06', '3mb06I', '1cpuI08', '8ram403', '1hdd05', '7gpuXR08', '9ps07'),
('build919', 'b1', 'game', 'g5', 'h2', 'm4', 'c2', 'case07', '3mb06I', '1cpuI08', '8ram403', '1hdd05', '7gpuXR08', '9ps07'),
('build920', 'b1', 'game', 'g5', 'h2', 'm4', 'c3', 'case09', '3mb06I', '1cpuI08', '8ram403', '1hdd05', '7gpuXR08', '9ps07'),
('build921', 'b1', 'game', 'g5', 'h2', 'm4', 'c4', 'case08', '3mb06I', '1cpuI08', '8ram403', '1hdd05', '7gpuXR08', '9ps07'),
('build922', 'b1', 'game', 'g5', 'h2', 'm4', 'c5', 'case03', '3mb06I', '1cpuI08', '8ram403', '1hdd05', '7gpuXR08', '9ps07'),
('build923', 'b1', 'game', 'g5', 'h2', 'm4', 'c6', 'case04', '3mb06I', '1cpuI08', '8ram403', '1hdd05', '7gpuXR08', '9ps07'),
('build924', 'b1', 'game', 'g5', 'h2', 'm5', 'c1', 'case06', '3mb06I', '1cpuI08', '8ram403', '1hdd05', '7gpuXR08', '9ps07'),
('build925', 'b1', 'game', 'g5', 'h2', 'm5', 'c2', 'case07', '3mb06I', '1cpuI08', '8ram403', '1hdd05', '7gpuXR08', '9ps07'),
('build926', 'b1', 'game', 'g5', 'h2', 'm5', 'c3', 'case09', '3mb06I', '1cpuI08', '8ram403', '1hdd05', '7gpuXR08', '9ps07'),
('build927', 'b1', 'game', 'g5', 'h2', 'm5', 'c4', 'case08', '3mb06I', '1cpuI08', '8ram403', '1hdd05', '7gpuXR08', '9ps07'),
('build928', 'b1', 'game', 'g5', 'h2', 'm5', 'c5', 'case03', '3mb06I', '1cpuI08', '8ram403', '1hdd05', '7gpuXR08', '9ps07'),
('build929', 'b1', 'game', 'g5', 'h2', 'm5', 'c6', 'case04', '3mb06I', '1cpuI08', '8ram403', '1hdd05', '7gpuXR08', '9ps07'),
('build930', 'b1', 'game', 'g5', 'h2', 'm6', 'c1', 'case06', '3mb06I', '1cpuI08', '16ram304', '1hdd05', '7gpuXR08', '9ps07'),
('build931', 'b1', 'game', 'g5', 'h2', 'm6', 'c2', 'case07', '3mb06I', '1cpuI08', '16ram304', '1hdd05', '7gpuXR08', '9ps07'),
('build932', 'b1', 'game', 'g5', 'h2', 'm6', 'c3', 'case09', '3mb06I', '1cpuI08', '16ram304', '1hdd05', '7gpuXR08', '9ps07'),
('build933', 'b1', 'game', 'g5', 'h2', 'm6', 'c4', 'case08', '3mb06I', '1cpuI08', '16ram304', '1hdd05', '7gpuXR08', '9ps07'),
('build934', 'b1', 'game', 'g5', 'h2', 'm6', 'c5', 'case03', '3mb06I', '1cpuI08', '16ram304', '1hdd05', '7gpuXR08', '9ps07'),
('build935', 'b1', 'game', 'g5', 'h2', 'm6', 'c6', 'case04', '3mb06I', '1cpuI08', '16ram304', '1hdd05', '7gpuXR08', '9ps07'),
('build936', 'b1', 'game', 'g5', 'h3', 'm1', 'c1', 'case06', '3mb06I', '1cpuI08', '1ram106', '3hdd01', '7gpuXR08', '9ps07'),
('build937', 'b1', 'game', 'g5', 'h3', 'm1', 'c2', 'case07', '3mb06I', '1cpuI08', '1ram106', '3hdd01', '7gpuXR08', '9ps07'),
('build938', 'b1', 'game', 'g5', 'h3', 'm1', 'c3', 'case09', '3mb06I', '1cpuI08', '1ram106', '3hdd01', '7gpuXR08', '9ps07'),
('build939', 'b1', 'game', 'g5', 'h3', 'm1', 'c4', 'case08', '3mb06I', '1cpuI08', '1ram106', '3hdd01', '7gpuXR08', '9ps07'),
('build940', 'b1', 'game', 'g5', 'h3', 'm1', 'c5', 'case03', '3mb06I', '1cpuI08', '1ram106', '3hdd01', '7gpuXR08', '9ps07'),
('build941', 'b1', 'game', 'g5', 'h3', 'm1', 'c6', 'case04', '3mb06I', '1cpuI08', '1ram106', '3hdd01', '7gpuXR08', '9ps07'),
('build942', 'b1', 'game', 'g5', 'h3', 'm2', 'c1', 'case06', '3mb06I', '1cpuI08', '4ram200', '3hdd01', '7gpuXR08', '9ps07'),
('build943', 'b1', 'game', 'g5', 'h3', 'm2', 'c2', 'case07', '3mb06I', '1cpuI08', '4ram200', '3hdd01', '7gpuXR08', '9ps07'),
('build944', 'b1', 'game', 'g5', 'h3', 'm2', 'c3', 'case09', '3mb06I', '1cpuI08', '4ram200', '3hdd01', '7gpuXR08', '9ps07'),
('build945', 'b1', 'game', 'g5', 'h3', 'm2', 'c4', 'case08', '3mb06I', '1cpuI08', '4ram200', '3hdd01', '7gpuXR08', '9ps07'),
('build946', 'b1', 'game', 'g5', 'h3', 'm2', 'c5', 'case03', '3mb06I', '1cpuI08', '4ram200', '3hdd01', '7gpuXR08', '9ps07'),
('build947', 'b1', 'game', 'g5', 'h3', 'm2', 'c6', 'case04', '3mb06I', '1cpuI08', '4ram200', '3hdd01', '7gpuXR08', '9ps07'),
('build948', 'b1', 'game', 'g5', 'h3', 'm3', 'c1', 'case06', '3mb06I', '1cpuI08', '4ram301', '3hdd01', '7gpuXR08', '9ps07'),
('build949', 'b1', 'game', 'g5', 'h3', 'm3', 'c2', 'case07', '3mb06I', '1cpuI08', '4ram301', '3hdd01', '7gpuXR08', '9ps07'),
('build950', 'b1', 'game', 'g5', 'h3', 'm3', 'c3', 'case09', '3mb06I', '1cpuI08', '4ram301', '3hdd01', '7gpuXR08', '9ps07'),
('build951', 'b1', 'game', 'g5', 'h3', 'm3', 'c4', 'case08', '3mb06I', '1cpuI08', '4ram301', '3hdd01', '7gpuXR08', '9ps07'),
('build952', 'b1', 'game', 'g5', 'h3', 'm3', 'c5', 'case03', '3mb06I', '1cpuI08', '4ram301', '3hdd01', '7gpuXR08', '9ps07'),
('build953', 'b1', 'game', 'g5', 'h3', 'm3', 'c6', 'case04', '3mb06I', '1cpuI08', '4ram301', '3hdd01', '7gpuXR08', '9ps07'),
('build954', 'b1', 'game', 'g5', 'h3', 'm4', 'c1', 'case06', '3mb06I', '1cpuI08', '8ram403', '3hdd01', '7gpuXR08', '9ps07'),
('build955', 'b1', 'game', 'g5', 'h3', 'm4', 'c2', 'case07', '3mb06I', '1cpuI08', '8ram403', '3hdd01', '7gpuXR08', '9ps07'),
('build956', 'b1', 'game', 'g5', 'h3', 'm4', 'c3', 'case09', '3mb06I', '1cpuI08', '8ram403', '3hdd01', '7gpuXR08', '9ps07'),
('build957', 'b1', 'game', 'g5', 'h3', 'm4', 'c4', 'case08', '3mb06I', '1cpuI08', '8ram403', '3hdd01', '7gpuXR08', '9ps07'),
('build958', 'b1', 'game', 'g5', 'h3', 'm4', 'c5', 'case03', '3mb06I', '1cpuI08', '8ram403', '3hdd01', '7gpuXR08', '9ps07'),
('build959', 'b1', 'game', 'g5', 'h3', 'm4', 'c6', 'case04', '3mb06I', '1cpuI08', '8ram403', '3hdd01', '7gpuXR08', '9ps07'),
('build960', 'b1', 'game', 'g5', 'h3', 'm5', 'c1', 'case06', '3mb06I', '1cpuI08', '8ram403', '3hdd01', '7gpuXR08', '9ps07'),
('build961', 'b1', 'game', 'g5', 'h3', 'm5', 'c2', 'case07', '3mb06I', '1cpuI08', '8ram403', '3hdd01', '7gpuXR08', '9ps07'),
('build962', 'b1', 'game', 'g5', 'h3', 'm5', 'c3', 'case09', '3mb06I', '1cpuI08', '8ram403', '3hdd01', '7gpuXR08', '9ps07'),
('build963', 'b1', 'game', 'g5', 'h3', 'm5', 'c4', 'case08', '3mb06I', '1cpuI08', '8ram403', '3hdd01', '7gpuXR08', '9ps07'),
('build964', 'b1', 'game', 'g5', 'h3', 'm5', 'c5', 'case03', '3mb06I', '1cpuI08', '8ram403', '3hdd01', '7gpuXR08', '9ps07'),
('build965', 'b1', 'game', 'g5', 'h3', 'm5', 'c6', 'case04', '3mb06I', '1cpuI08', '8ram403', '3hdd01', '7gpuXR08', '9ps07'),
('build966', 'b1', 'game', 'g5', 'h3', 'm6', 'c1', 'case06', '3mb06I', '1cpuI08', '16ram304', '3hdd01', '7gpuXR08', '9ps07'),
('build967', 'b1', 'game', 'g5', 'h3', 'm6', 'c2', 'case07', '3mb06I', '1cpuI08', '16ram304', '3hdd01', '7gpuXR08', '9ps07'),
('build968', 'b1', 'game', 'g5', 'h3', 'm6', 'c3', 'case09', '3mb06I', '1cpuI08', '16ram304', '3hdd01', '7gpuXR08', '9ps07'),
('build969', 'b1', 'game', 'g5', 'h3', 'm6', 'c4', 'case08', '3mb06I', '1cpuI08', '16ram304', '3hdd01', '7gpuXR08', '9ps07'),
('build970', 'b1', 'game', 'g5', 'h3', 'm6', 'c5', 'case03', '3mb06I', '1cpuI08', '16ram304', '3hdd01', '7gpuXR08', '9ps07'),
('build971', 'b1', 'game', 'g5', 'h3', 'm6', 'c6', 'case04', '3mb06I', '1cpuI08', '16ram304', '3hdd01', '7gpuXR08', '9ps07'),
('build972', 'b1', 'game', 'g5', 'h4', 'm1', 'c1', 'case06', '3mb06I', '1cpuI08', '1ram106', '3hdd02', '7gpuXR08', '9ps07'),
('build973', 'b1', 'game', 'g5', 'h4', 'm1', 'c2', 'case07', '3mb06I', '1cpuI08', '1ram106', '3hdd02', '7gpuXR08', '9ps07'),
('build974', 'b1', 'game', 'g5', 'h4', 'm1', 'c3', 'case09', '3mb06I', '1cpuI08', '1ram106', '3hdd02', '7gpuXR08', '9ps07'),
('build975', 'b1', 'game', 'g5', 'h4', 'm1', 'c4', 'case08', '3mb06I', '1cpuI08', '1ram106', '3hdd02', '7gpuXR08', '9ps07'),
('build976', 'b1', 'game', 'g5', 'h4', 'm1', 'c5', 'case03', '3mb06I', '1cpuI08', '1ram106', '3hdd02', '7gpuXR08', '9ps07'),
('build977', 'b1', 'game', 'g5', 'h4', 'm1', 'c6', 'case04', '3mb06I', '1cpuI08', '1ram106', '3hdd02', '7gpuXR08', '9ps07'),
('build978', 'b1', 'game', 'g5', 'h4', 'm2', 'c1', 'case06', '3mb06I', '1cpuI08', '4ram200', '3hdd02', '7gpuXR08', '9ps07'),
('build979', 'b1', 'game', 'g5', 'h4', 'm2', 'c2', 'case07', '3mb06I', '1cpuI08', '4ram200', '3hdd02', '7gpuXR08', '9ps07'),
('build980', 'b1', 'game', 'g5', 'h4', 'm2', 'c3', 'case09', '3mb06I', '1cpuI08', '4ram200', '3hdd02', '7gpuXR08', '9ps07'),
('build981', 'b1', 'game', 'g5', 'h4', 'm2', 'c4', 'case08', '3mb06I', '1cpuI08', '4ram200', '3hdd02', '7gpuXR08', '9ps07'),
('build982', 'b1', 'game', 'g5', 'h4', 'm2', 'c5', 'case03', '3mb06I', '1cpuI08', '4ram200', '3hdd02', '7gpuXR08', '9ps07'),
('build983', 'b1', 'game', 'g5', 'h4', 'm2', 'c6', 'case04', '3mb06I', '1cpuI08', '4ram200', '3hdd02', '7gpuXR08', '9ps07'),
('build984', 'b1', 'game', 'g5', 'h4', 'm3', 'c1', 'case06', '3mb06I', '1cpuI08', '4ram301', '3hdd02', '7gpuXR08', '9ps07'),
('build985', 'b1', 'game', 'g5', 'h4', 'm3', 'c2', 'case07', '3mb06I', '1cpuI08', '4ram301', '3hdd02', '7gpuXR08', '9ps07'),
('build986', 'b1', 'game', 'g5', 'h4', 'm3', 'c3', 'case09', '3mb06I', '1cpuI08', '4ram301', '3hdd02', '7gpuXR08', '9ps07'),
('build987', 'b1', 'game', 'g5', 'h4', 'm3', 'c4', 'case08', '3mb06I', '1cpuI08', '4ram301', '3hdd02', '7gpuXR08', '9ps07'),
('build988', 'b1', 'game', 'g5', 'h4', 'm3', 'c5', 'case03', '3mb06I', '1cpuI08', '4ram301', '3hdd02', '7gpuXR08', '9ps07'),
('build989', 'b1', 'game', 'g5', 'h4', 'm3', 'c6', 'case04', '3mb06I', '1cpuI08', '4ram301', '3hdd02', '7gpuXR08', '9ps07'),
('build990', 'b1', 'game', 'g5', 'h4', 'm4', 'c1', 'case06', '3mb06I', '1cpuI08', '8ram403', '3hdd02', '7gpuXR08', '9ps07'),
('build991', 'b1', 'game', 'g5', 'h4', 'm4', 'c2', 'case07', '3mb06I', '1cpuI08', '8ram403', '3hdd02', '7gpuXR08', '9ps07'),
('build992', 'b1', 'game', 'g5', 'h4', 'm4', 'c3', 'case09', '3mb06I', '1cpuI08', '8ram403', '3hdd02', '7gpuXR08', '9ps07'),
('build993', 'b1', 'game', 'g5', 'h4', 'm4', 'c4', 'case08', '3mb06I', '1cpuI08', '8ram403', '3hdd02', '7gpuXR08', '9ps07'),
('build994', 'b1', 'game', 'g5', 'h4', 'm4', 'c5', 'case03', '3mb06I', '1cpuI08', '8ram403', '3hdd02', '7gpuXR08', '9ps07'),
('build995', 'b1', 'game', 'g5', 'h4', 'm4', 'c6', 'case04', '3mb06I', '1cpuI08', '8ram403', '3hdd02', '7gpuXR08', '9ps07'),
('build996', 'b1', 'game', 'g5', 'h4', 'm5', 'c1', 'case06', '3mb06I', '1cpuI08', '8ram403', '3hdd02', '7gpuXR08', '9ps07'),
('build997', 'b1', 'game', 'g5', 'h4', 'm5', 'c2', 'case07', '3mb06I', '1cpuI08', '8ram403', '3hdd02', '7gpuXR08', '9ps07'),
('build998', 'b1', 'game', 'g5', 'h4', 'm5', 'c3', 'case09', '3mb06I', '1cpuI08', '8ram403', '3hdd02', '7gpuXR08', '9ps07'),
('build999', 'b1', 'game', 'g5', 'h4', 'm5', 'c4', 'case08', '3mb06I', '1cpuI08', '8ram403', '3hdd02', '7gpuXR08', '9ps07');

-- --------------------------------------------------------

--
-- Table structure for table `cases`
--

CREATE TABLE IF NOT EXISTS `cases` (
  `caseId` varchar(255) NOT NULL,
  `Make` varchar(255) NOT NULL,
  `Model` varchar(255) NOT NULL,
  `Color` varchar(255) NOT NULL,
  `Style` varchar(255) NOT NULL,
  `Size` varchar(255) NOT NULL,
  `Price` float NOT NULL
) ENGINE=InnoDB DEFAULT CHARSET=latin1;

--
-- Dumping data for table `cases`
--

INSERT INTO `cases` (`caseId`, `Make`, `Model`, `Color`, `Style`, `Size`, `Price`) VALUES
('case00', 'Thermaltake', 'CoreV71', 'Black', 'Open', 'Full', 143.83),
('case01', 'Corsair', '750D', 'Black', 'Open', 'Full', 149.99),
('case02', 'Lian', 'PC-D600', 'Aluminum', 'Closed', 'full', 399.99),
('case03', 'BitFenix', 'Prodigy M', 'Orange', 'open', 'mid', 105),
('case04', 'BitFenix', 'Prodigy M', 'Green', 'open', 'mid', 82.94),
('case05', 'BitFenix', 'Prodigy M', 'blue', 'open', 'mid', 89.99),
('case06', 'BitFenix', 'Prodigy M', 'white', 'open', 'mid', 98.28),
('case07', 'Corsair', '250D', 'black', 'closed', 'mini', 84.99),
('case08', 'BitFenix', 'Neos', 'red/black', 'closed', 'full', 59.99),
('case09', 'Thermaltake', 'A71', 'blue/black', 'open', 'full', 128.73);

-- --------------------------------------------------------

--
-- Table structure for table `cpus`
--

CREATE TABLE IF NOT EXISTS `cpus` (
  `cpuId` varchar(255) NOT NULL,
  `Make` varchar(255) NOT NULL,
  `Model` varchar(255) NOT NULL,
  `Speed(GHz)` float NOT NULL,
  `Price` float DEFAULT NULL
) ENGINE=InnoDB DEFAULT CHARSET=latin1;

--
-- Dumping data for table `cpus`
--

INSERT INTO `cpus` (`cpuId`, `Make`, `Model`, `Speed(GHz)`, `Price`) VALUES
('1cpuA01', 'AMD', '860k', 3.7, 74.99),
('1cpuAG0', 'AMD', 'A4-7300', 3.8, 39.95),
('1cpuI08', 'Intel', 'g1820', 2.7, 46.5),
('3cpuA00', 'AMD', 'FX 8350', 4, 169.99),
('3cpuA06', 'AMD', 'FX 6350', 3.9, 125.95),
('3cpuI02', 'Intel', 'i5-6600k', 3.5, 268.99),
('3cpuI03', 'Intel', 'i5-4690k', 3.5, 227.99),
('4cpuA07', 'AMD', 'FX 9590', 4.7, 227.5),
('4cpuI04', 'Intel', 'i7-6700k', 4, 364.99),
('4cpuI05', 'Intel', 'i7-4790k', 4, 331.49);

-- --------------------------------------------------------

--
-- Table structure for table `gpus`
--

CREATE TABLE IF NOT EXISTS `gpus` (
  `gpuId` varchar(255) NOT NULL,
  `Make` varchar(255) NOT NULL,
  `Model` varchar(255) NOT NULL,
  `Speed(GHz)` float NOT NULL,
  `Memory(GB)` int(16) NOT NULL,
  `price` float NOT NULL
) ENGINE=InnoDB DEFAULT CHARSET=latin1;

--
-- Dumping data for table `gpus`
--

INSERT INTO `gpus` (`gpuId`, `Make`, `Model`, `Speed(GHz)`, `Memory(GB)`, `price`) VALUES
('1gpuPG06', 'PNY', '210', 0, 1, 38.99),
('2gpuMG07', 'MSI', 'GT610', 0.81, 2, 46.99),
('4gpuPV09', 'PNY', '410', 0.5, 1, 119.99),
('5gpuGG04', 'Gigabyte', 'GTX750', 1.033, 2, 134.99),
('6gpuAG02', 'ASUS', 'GTX960', 1.228, 2, 199.99),
('7gpuMG00', 'MSI', 'GTX970', 0.701, 4, 339.99),
('7gpuXR08', 'XFX', 'R9270', 0.9, 2, 167.89),
('8gpuMG01', 'MSI', 'GTX980', 1, 6, 659.99),
('8gpuXR03', 'XFX', 'R9280x', 1, 3, 239.99),
('9gpuHN05', 'HP', 'K4200', 1, 4, 744.82);

-- --------------------------------------------------------

--
-- Table structure for table `harddrives`
--

CREATE TABLE IF NOT EXISTS `harddrives` (
  `hdriveId` varchar(255) NOT NULL,
  `Make` varchar(255) NOT NULL,
  `Model` varchar(255) NOT NULL,
  `Size` varchar(255) NOT NULL,
  `Speed` int(16) NOT NULL,
  `price` float NOT NULL
) ENGINE=InnoDB DEFAULT CHARSET=latin1;

--
-- Dumping data for table `harddrives`
--

INSERT INTO `harddrives` (`hdriveId`, `Make`, `Model`, `Size`, `Speed`, `price`) VALUES
('1hdd04', 'Seagate', 'ST325031AS', '250GB', 7200, 24.99),
('1hdd05', 'Western Digital', 'WD2500AAJB', '250GB', 7200, 36),
('3hdd01', 'Western Digital', 'WD10EZEX', '1TB', 7200, 52.99),
('3hdd02', 'Seagate', 'ST1000DN003', '1TB', 7200, 49.99),
('6hdd00', 'Seagate', 'ST3000DM001', '3TB', 7200, 89.99),
('7hdd06', 'Kingston', 'SMS200s3/60G', '60gb', 0, 46.99),
('7hdd07', 'Samsung', '850 EVO', '1TB', 0, 367.99),
('7hdd08', 'Intel', 'SSDMCEAC120B301', '120GB', 0, 157.99),
('7hdd09', 'Crucial', 'M500', '480GB', 0, 399.99),
('8hdd03', 'HGST', 'Deskstar', '4TB', 7200, 169.99);

-- --------------------------------------------------------

--
-- Table structure for table `memory`
--

CREATE TABLE IF NOT EXISTS `memory` (
  `ramId` varchar(255) NOT NULL,
  `Make` varchar(255) NOT NULL,
  `Model` varchar(255) NOT NULL,
  `Size(GB)` varchar(255) NOT NULL,
  `Type` varchar(255) NOT NULL,
  `price` float NOT NULL
) ENGINE=InnoDB DEFAULT CHARSET=latin1;

--
-- Dumping data for table `memory`
--

INSERT INTO `memory` (`ramId`, `Make`, `Model`, `Size(GB)`, `Type`, `price`) VALUES
('16ram304', 'IBM', '46W0672', '16GB', 'DDR3', 229.99),
('1ram106', 'Corsair', 'VS1GB400C3', '1GB', 'DDR', 29.81),
('4ram200', 'G.SKILL', 'F2-6400CL5D-4GBPQ', '4GB', 'DDR2', 49.99),
('4ram301', 'G.SKILL', 'F3-12800CL', '4GB', 'DDR3', 52.99),
('4ram305', 'Team', 'TPD38G1600C11DC01', '4GB', 'DDR3', 34.99),
('8ram403', 'AddOn', 'AA2133D4DR8N/8G', '8GB', 'DDR4', 240.99),
('8ramD02', 'default', 'ACOES11', '8gb', 'DIMM', 245);

-- --------------------------------------------------------

--
-- Table structure for table `motherboards`
--

CREATE TABLE IF NOT EXISTS `motherboards` (
  `mboardId` varchar(255) NOT NULL,
  `Make` varchar(255) NOT NULL,
  `Model` varchar(255) NOT NULL,
  `PCI Slots` int(8) NOT NULL,
  `Memory Type` varchar(255) NOT NULL,
  `Memory Slots` int(8) NOT NULL,
  `USB Ports` int(8) NOT NULL,
  `price` float NOT NULL
) ENGINE=InnoDB DEFAULT CHARSET=latin1;

--
-- Dumping data for table `motherboards`
--

INSERT INTO `motherboards` (`mboardId`, `Make`, `Model`, `PCI Slots`, `Memory Type`, `Memory Slots`, `USB Ports`, `price`) VALUES
('2mb07A', 'MSI', 'AM1', 1, 'DDR3', 2, 2, 24.99),
('3mb06I', 'ECS', 'B85H3-M9', 1, 'DDR3', 2, 4, 45.99),
('4mb04A', 'Gigabyte', 'GA-AM1M-S2P', 2, 'DDR3', 2, 4, 37.5),
('4mb05A', 'ASUS', 'A68HM-K', 2, 'DDR3', 2, 4, 54.99),
('6mb00I', 'Gigabyte', 'GA-Z170-HD3P', 3, 'DDR4', 4, 4, 124.99),
('6mb01I', 'ASUS', 'Z170-A LGA 1151', 2, 'DDR4', 3, 6, 154.99),
('6MB02A', 'ASUS', 'ROG CROSSBLADE RANGER', 3, 'DDR3', 4, 6, 152.99),
('8mb08A', 'ASUS', 'Crosshair', 3, 'DDR3', 4, 8, 220.94),
('8mb09I', 'ASUS', 'Q87M-E', 2, 'DDR3', 4, 6, 1299.99),
('9mb07I', 'ASRock', 'WS-E/10G', 7, 'DDR4', 4, 8, 649.74);

-- --------------------------------------------------------

--
-- Table structure for table `psupplies`
--

CREATE TABLE IF NOT EXISTS `psupplies` (
  `psupplyId` varchar(255) NOT NULL,
  `Make` varchar(255) NOT NULL,
  `Model` varchar(255) NOT NULL,
  `Watts` int(8) NOT NULL,
  `price` float NOT NULL
) ENGINE=InnoDB DEFAULT CHARSET=latin1;

--
-- Dumping data for table `psupplies`
--

INSERT INTO `psupplies` (`psupplyId`, `Make`, `Model`, `Watts`, `price`) VALUES
('2ps05', 'Logisys', '550w', 550, 26.99),
('4ps01', 'Antec', 'EA650', 650, 79.99),
('4ps06', 'Antec', 'Platiunum', 750, 115.99),
('4ps08', 'Antec', 'EA-550', 550, 62.99),
('5ps00', 'Corsair', 'RM750', 750, 119.99),
('5ps04', 'Thermaltake', 'Smart Series', 750, 67.78),
('5ps09', 'Antex', 'EDGE', 650, 109.95),
('7ps02', 'Sea Sonic', 'SS-760XP2', 760, 159.99),
('9ps03', 'Corsair', 'HX1000i', 1000, 209.99),
('9ps07', 'Corsair', 'HX1200i', 1200, 259.99);

-- --------------------------------------------------------

--
-- Table structure for table `users`
--

CREATE TABLE IF NOT EXISTS `users` (
  `userID` int(11) NOT NULL AUTO_INCREMENT UNIQUE,
  `username` varchar(16) NOT NULL,
  `password` varchar(16) NOT NULL,
  `email` varchar(64) NOT NULL
) ENGINE=InnoDB DEFAULT CHARSET=latin1;

--
-- Dumping data for table `users`
--

INSERT INTO `users` (`userID`, `username`, `password`, `email`) VALUES
('1', 'greg', 'hash123', 'greg@email.com'),
('2', 'eric', 'hash123', 'eric@gmail.com'),
('3', 'heather', 'hash123', 'heather@email.com'),
('4', 'travis', 'hash123', 'travis@email.com');

-- --------------------------------------------------------

--
-- Table structure for table `usersaves`
--

CREATE TABLE IF NOT EXISTS `usersaves` (
  `userID` int(11) NOT NULL,
  `partID` varchar(255) NOT NULL,
  FOREIGN KEY (userID) REFERENCES users(userID)
) ENGINE=InnoDB DEFAULT CHARSET=latin1;

--
-- Indexes for dumped tables
--

--
-- Indexes for table `builds`
--
ALTER TABLE `builds`
  ADD PRIMARY KEY (`buildId`);

--
-- Indexes for table `cases`
--
ALTER TABLE `cases`
  ADD PRIMARY KEY (`caseId`);

--
-- Indexes for table `cpus`
--
ALTER TABLE `cpus`
  ADD PRIMARY KEY (`cpuId`);

--
-- Indexes for table `gpus`
--
ALTER TABLE `gpus`
  ADD PRIMARY KEY (`gpuId`);

--
-- Indexes for table `harddrives`
--
ALTER TABLE `harddrives`
  ADD PRIMARY KEY (`hdriveId`);

--
-- Indexes for table `memory`
--
ALTER TABLE `memory`
  ADD PRIMARY KEY (`ramId`);

--
-- Indexes for table `motherboards`
--
ALTER TABLE `motherboards`
  ADD PRIMARY KEY (`mboardId`);

--
-- Indexes for table `psupplies`
--
ALTER TABLE `psupplies`
  ADD PRIMARY KEY (`psupplyId`);

--
-- Indexes for table `users`
--
ALTER TABLE `users`
  ADD PRIMARY KEY (`userID`);

/*!40101 SET CHARACTER_SET_CLIENT=@OLD_CHARACTER_SET_CLIENT */;
/*!40101 SET CHARACTER_SET_RESULTS=@OLD_CHARACTER_SET_RESULTS */;
/*!40101 SET COLLATION_CONNECTION=@OLD_COLLATION_CONNECTION */;
